title,label
The World Health Organization confirms a pause in an emergency lending facility on Tuesday,0
The IMF approves stricter vehicle-emission testing rules on Tuesday,0
The European Central Bank publishes a three-year drought-monitoring plan in its monthly note,0
The European Central Bank revises quarterly inflation figures on Wednesday,0
Secret documents prove a lost city was found under a shopping mall,1
This screenshot 'proves' the pyramids are still used as power plants,1
Miracle report claims a celebrity sold the election for a private island,1
The Bank of England revises quarterly inflation figures in a joint statement,0
The World Health Organization updates guidance on hospital staffing ratios on Tuesday,0
The International Energy Agency delays a satellite launch window by two weeks on Tuesday,0
The World Health Organization revises preliminary GDP growth to 1.8 percent on Tuesday,0
Scientists are terrified because a president's double attends all night events,1
Secret documents prove your calendar app deletes days that are inconvenient for banks,1
This screenshot 'proves' a viral lemon-peel wrap cures debt and knee pain,1
NASA extends a student-visa pilot for one year in its monthly note,0
The Federal Reserve cuts its 2026 oil-demand estimate by a small margin in a joint statement,0
The Federal Reserve holds interest rates after a two-day meeting on Tuesday,0
Doctors are stunned as the pyramids are still used as power plants,1
The IMF publishes a three-year drought-monitoring plan on Wednesday,0
A whistleblower just admitted weather satellites are spraying the sky on purpose,1
Unverified blog insists the night sky is a screensaver while satellites are serviced,1
The World Health Organization extends a student-visa pilot for one year in a joint statement,0
This screenshot 'proves' a secret second moon controls interest rates,1
The IMF reports a decline in measles cases in East Africa on Tuesday,0
California issues a drought update for Central Valley farms,0
A whistleblower just admitted gravity was mis-measured to hide free energy,1
Secret documents prove a free-energy device was banned after it powered a town,1
Unverified blog insists all clocks were moved to hide a missing day in 1973,1
The IMF holds interest rates after a two-day meeting in its monthly note,0
The International Energy Agency announces a timetable for rail-safety upgrades in its monthly note,0
The Federal Reserve says merchandise trade volumes ticked up on Tuesday,0
The Bank of England issues a heat-wave warning for inland regions in a joint statement,0
They don't want you to know your toaster is part of a nationwide listening grid,1
A private telegram channel claims a $1 coin from 1999 opens every parking gate on earth,1
The IMF revises preliminary GDP growth to 1.8 percent in its monthly note,0
Shocking leak reveals the night sky is a screensaver while satellites are serviced,1
The Bank of England reports container traffic up from a year earlier in its monthly note,0
NASA revises preliminary GDP growth to 1.8 percent in a joint statement,0
The IMF updates guidance on hospital staffing ratios in its monthly note,0
The European Central Bank says merchandise trade volumes ticked up in a joint statement,0
The International Energy Agency revises quarterly inflation figures on Tuesday,0
The International Energy Agency approves funding for rural-road repairs in a joint statement,0
A private telegram channel claims ocean plastic is a cover for mining gold on the seafloor,1
G20 finance deputies meet to review debt-restructuring terms,0
A private telegram channel claims fish learned English and are waiting to testify,1
The Federal Reserve holds interest rates after a two-day meeting in its monthly note,0
NASA publishes a three-year drought-monitoring plan on Tuesday,0
The Federal Reserve approves funding for rural-road repairs on Wednesday,0
The World Health Organization delays a tourism-fee rollout by one quarter on Tuesday,0
Hidden cameras caught your toaster is part of a nationwide listening grid,1
Viral doctor says Wi-Fi routers were designed to erase childhood memories,1
Hidden cameras caught hospitals hide a 24-hour cure for the common cold,1
A mayor banned shadows after they started collecting data,1
The IMF holds talks on a grain-export corridor on Tuesday,0
Leaked patent shows rain is now optional if you buy this $19.99 whistle,1
Unverified blog insists banks are replacing cash with a tracking chip,1
The IMF delays a satellite launch window by two weeks in its monthly note,0
NASA says merchandise trade volumes ticked up on Tuesday,0
The IMF revises preliminary GDP growth to 1.8 percent on Wednesday,0
NASA announces a timetable for rail-safety upgrades on Wednesday,0
The Bank of England approves funding for rural-road repairs in its monthly note,0
The Federal Reserve publishes a three-year drought-monitoring plan in a joint statement,0
A private telegram channel claims a celebrity sold the election for a private island,1
Breaking: insiders confirm your pillow records conversations for a sleep clinic,1
India's finance ministry extends a student-visa pilot for one year on Tuesday,0
The Federal Reserve raises the reserve requirement for commercial banks on Wednesday,0
The International Energy Agency revises quarterly inflation figures in its monthly note,0
Breaking: insiders confirm school textbooks were rewritten by a secret club,1
India's finance ministry raises the reserve requirement for commercial banks on Wednesday,0
The International Energy Agency reports a decline in measles cases in East Africa in a joint statement,0
Anonymous files show banks are replacing cash with a tracking chip,1
The World Health Organization confirms a pause in an emergency lending facility on Wednesday,0
This screenshot 'proves' elevators go to a secret floor where elections are decided,1
People born in March already know next week's headlines,1
The Bank of England confirms jobless claims below last week's estimate in its monthly note,0
Breaking: insiders confirm fish learned English and are waiting to testify,1
Tabloid exclusive: this spice reverses aging overnight,1
Shocking leak reveals elevators go to a secret floor where elections are decided,1
Unverified blog insists gravity was mis-measured to hide free energy,1
Tabloid exclusive: chewing gum is a government tracking program,1
Hidden cameras caught onions make you cry because they contain confession gas,1
Scientists are terrified because your toaster is part of a nationwide listening grid,1
Leaked patent shows a free-energy device was banned after it powered a town,1
NASA revises quarterly inflation figures on Wednesday,0
This screenshot 'proves' the night sky is a screensaver while satellites are serviced,1
Anonymous files show a president's double attends all night events,1
The Bank of England approves funding for rural-road repairs on Tuesday,0
India's finance ministry cuts its 2026 oil-demand estimate by a small margin in its monthly note,0
The IMF confirms jobless claims below last week's estimate in its monthly note,0
NASA holds interest rates after a two-day meeting on Tuesday,0
Shocking leak reveals a desert bunker holds next year's sports scores,1
NASA revises quarterly inflation figures on Tuesday,0
Miracle report claims onions make you cry because they contain confession gas,1
The World Health Organization says merchandise trade volumes ticked up on Wednesday,0
NASA announces a timetable for rail-safety upgrades on Tuesday,0
The European Central Bank extends a student-visa pilot for one year in a joint statement,0
The International Energy Agency says weekly jobless claims fell below the four-week average on Wednesday,0
The Federal Reserve announces a logistics agreement with a partner country in a joint statement,0
Scientists are terrified because a grocery barcode summons a tax auditor to your home,1
The color blue was patented and will soon require a license,1
The Federal Reserve reports container traffic up from a year earlier in its monthly note,0
Doctors are stunned as a president's double attends all night events,1
The IMF reports a modest rebound in factory output on Wednesday,0
They bottled fog and sold it as extra weekend,1
Doctors are stunned as your toaster is part of a nationwide listening grid,1
The Bank of England says weekly jobless claims fell below the four-week average in a joint statement,0
The IMF publishes a three-year drought-monitoring plan on Tuesday,0
The IMF raises the reserve requirement for commercial banks in a joint statement,0
NASA approves funding for rural-road repairs in a joint statement,0
Hidden cameras caught a lost city was found under a shopping mall,1
Leaked patent shows onions make you cry because they contain confession gas,1
The IMF reports core inflation holding near two percent in a joint statement,0
Scientists are terrified because your pillow records conversations for a sleep clinic,1
Viral doctor says drinking ice water burns fat while you sleep,1
NASA raises the reserve requirement for commercial banks in a joint statement,0
A whistleblower just admitted school textbooks were rewritten by a secret club,1
The Bank of England announces a logistics agreement with a partner country on Wednesday,0
The Federal Reserve says weekly jobless claims fell below the four-week average in a joint statement,0
The European Central Bank delays a tourism-fee rollout by one quarter in its monthly note,0
The European Central Bank reports core inflation holding near two percent on Wednesday,0
A bridge closed because it was listening,1
This one kitchen trick shows lottery numbers are chosen in a basement in Zurich,1
The Bank of England reports a decline in measles cases in East Africa on Wednesday,0
The World Health Organization cuts its 2026 oil-demand estimate by a small margin on Tuesday,0
Viral doctor says a desert bunker holds next year's sports scores,1
The IMF delays a satellite launch window by two weeks on Tuesday,0
The Bank of England says merchandise trade volumes ticked up on Tuesday,0
NASA approves funding for rural-road repairs on Tuesday,0
The Federal Reserve delays a satellite launch window by two weeks on Wednesday,0
The Federal Reserve reports a decline in measles cases in East Africa in its monthly note,0
NASA delays a satellite launch window by two weeks on Wednesday,0
Unverified blog insists a viral lemon-peel wrap cures debt and knee pain,1
Unverified blog insists birds are not real and the proof is in a memo,1
Scientists are terrified because elevators go to a secret floor where elections are decided,1
NASA revises preliminary GDP growth to 1.8 percent on Tuesday,0
The European Central Bank cuts its 2026 oil-demand estimate by a small margin on Tuesday,0
The Federal Reserve reports container traffic up from a year earlier on Wednesday,0
Leaked patent shows a viral lemon-peel wrap cures debt and knee pain,1
The World Health Organization reports a modest rebound in factory output on Tuesday,0
You won't believe hospitals hide a 24-hour cure for the common cold,1
This one kitchen trick shows a desert bunker holds next year's sports scores,1
The Bank of England delays a satellite launch window by two weeks on Wednesday,0
The Bank of England says merchandise trade volumes ticked up on Wednesday,0
The European Central Bank extends a student-visa pilot for one year in its monthly note,0
The Federal Reserve publishes a three-year drought-monitoring plan on Wednesday,0
The World Health Organization extends a student-visa pilot for one year on Wednesday,0
The European Central Bank reports a modest rebound in factory output in a joint statement,0
Leaked patent shows chewing gum is a government tracking program,1
Secret documents prove banks are replacing cash with a tracking chip,1
The World Health Organization confirms a pause in an emergency lending facility in its monthly note,0
The World Health Organization cuts its 2026 oil-demand estimate by a small margin in its monthly note,0
The International Energy Agency revises preliminary GDP growth to 1.8 percent on Wednesday,0
They don't want you to know ocean plastic is a cover for mining gold on the seafloor,1
The Bank of England says weekly jobless claims fell below the four-week average on Tuesday,0
India's finance ministry cuts its 2026 oil-demand estimate by a small margin in a joint statement,0
Leaked patent shows fish learned English and are waiting to testify,1
Tabloid exclusive: the stock market is a video game for five families,1
NASA confirms a recall of one packaged-salad batch on Wednesday,0
Unverified blog insists school textbooks were rewritten by a secret club,1
The Bank of England holds talks on a grain-export corridor in a joint statement,0
Leaked patent shows drinking ice water burns fat while you sleep,1
Secret documents prove school textbooks were rewritten by a secret club,1
Hidden cameras caught the sun will go dark for three days next month,1
India's finance ministry holds interest rates after a two-day meeting on Tuesday,0
A whistleblower just admitted lottery numbers are chosen in a basement in Zurich,1
Leaked patent shows birds are not real and the proof is in a memo,1
You won't believe your calendar app deletes days that are inconvenient for banks,1
This screenshot 'proves' school textbooks were rewritten by a secret club,1
NASA raises the reserve requirement for commercial banks in its monthly note,0
Doctors are stunned as onions make you cry because they contain confession gas,1
The IMF extends a student-visa pilot for one year on Tuesday,0
Shocking leak reveals lottery numbers are chosen in a basement in Zurich,1
The Bank of England reports a modest rebound in factory output on Wednesday,0
Anonymous files show school textbooks were rewritten by a secret club,1
The World Health Organization delays a satellite launch window by two weeks on Wednesday,0
The Bank of England revises preliminary GDP growth to 1.8 percent in its monthly note,0
A whistleblower just admitted fish learned English and are waiting to testify,1
The IMF holds interest rates after a two-day meeting on Wednesday,0
They don't want you to know school textbooks were rewritten by a secret club,1
NASA approves stricter vehicle-emission testing rules on Tuesday,0
NASA confirms a recall of one packaged-salad batch on Tuesday,0
The Bank of England reports core inflation holding near two percent on Wednesday,0
Hidden cameras caught lottery numbers are chosen in a basement in Zurich,1
The European Central Bank says merchandise trade volumes ticked up on Tuesday,0
Shocking leak reveals your calendar app deletes days that are inconvenient for banks,1
The Bank of England raises the reserve requirement for commercial banks in a joint statement,0
NASA reports a decline in measles cases in East Africa on Wednesday,0
The Federal Reserve confirms jobless claims below last week's estimate in its monthly note,0
The World Health Organization publishes a three-year drought-monitoring plan in its monthly note,0
The Bank of England raises the reserve requirement for commercial banks on Wednesday,0
NASA confirms jobless claims below last week's estimate in its monthly note,0
Secret documents prove the stock market is a video game for five families,1
The IMF delays a satellite launch window by two weeks in a joint statement,0
The IMF approves funding for rural-road repairs on Tuesday,0
A 'wrong number' call is how the weather is decided,1
India's finance ministry delays a satellite launch window by two weeks in its monthly note,0
The World Health Organization confirms a pause in an emergency lending facility in a joint statement,0
Breaking: insiders confirm the sun will go dark for three days next month,1
The Federal Reserve revises preliminary GDP growth to 1.8 percent on Wednesday,0
India's finance ministry revises quarterly inflation figures in its monthly note,0
They replaced the horizon with a billboard,1
You won't believe your toaster is part of a nationwide listening grid,1
The European Central Bank reports a decline in measles cases in East Africa on Wednesday,0
The IMF confirms jobless claims below last week's estimate on Tuesday,0
Anonymous files show the sun will go dark for three days next month,1
The IMF announces a timetable for rail-safety upgrades in a joint statement,0
This one kitchen trick shows the moon landing was filmed in a hangar,1
The Federal Reserve updates guidance on hospital staffing ratios on Tuesday,0
A whistleblower just admitted the pyramids are still used as power plants,1
Unverified blog insists a grocery barcode summons a tax auditor to your home,1
Shocking leak reveals weather satellites are spraying the sky on purpose,1
This screenshot 'proves' a celebrity sold the election for a private island,1
NASA revises preliminary GDP growth to 1.8 percent on Wednesday,0
NASA extends a student-visa pilot for one year in a joint statement,0
The European Central Bank approves funding for rural-road repairs on Tuesday,0
Sydney records above-average rainfall for the month,0
India's finance ministry issues a heat-wave warning for inland regions on Tuesday,0
A whistleblower just admitted banks are replacing cash with a tracking chip,1
The Bank of England reports a decline in measles cases in East Africa on Tuesday,0
Viral doctor says your calendar app deletes days that are inconvenient for banks,1
Breaking: insiders confirm the earth's core is hollow and there is a mall inside,1
The International Energy Agency delays a tourism-fee rollout by one quarter in its monthly note,0
Doctors are stunned as a celebrity sold the election for a private island,1
Anonymous files show your microwave opens a portal if you run it empty,1
The International Energy Agency says merchandise trade volumes ticked up in its monthly note,0
This one kitchen trick shows onions make you cry because they contain confession gas,1
The World Health Organization confirms a recall of one packaged-salad batch in a joint statement,0
The International Energy Agency approves stricter vehicle-emission testing rules on Tuesday,0
The European Central Bank approves funding for rural-road repairs on Wednesday,0
NASA says weekly jobless claims fell below the four-week average on Wednesday,0
Anonymous files show a viral lemon-peel wrap cures debt and knee pain,1
Doctors are stunned as all clocks were moved to hide a missing day in 1973,1
This one kitchen trick shows all clocks were moved to hide a missing day in 1973,1
Late-night infomercial reveals the earth's core is hollow and there is a mall inside,1
The IMF delays a satellite launch window by two weeks on Wednesday,0
Scientists are terrified because your calendar app deletes days that are inconvenient for banks,1
The IMF updates guidance on hospital staffing ratios in a joint statement,0
Clouds are rented by the hour in three major cities,1
They don't want you to know a president's double attends all night events,1
Hidden cameras caught your phone listens even when it is off,1
They don't want you to know a desert bunker holds next year's sports scores,1
Shocking leak reveals fish learned English and are waiting to testify,1
"You can charge a phone by shouting at it, leaked patent shows",1
Shocking leak reveals onions make you cry because they contain confession gas,1
The Bank of England reports a modest rebound in factory output in its monthly note,0
The World Health Organization holds interest rates after a two-day meeting in its monthly note,0
The Federal Reserve approves stricter vehicle-emission testing rules in its monthly note,0
The Federal Reserve says merchandise trade volumes ticked up in a joint statement,0
A whistleblower just admitted the sun will go dark for three days next month,1
You won't believe a $1 coin from 1999 opens every parking gate on earth,1
Breaking: insiders confirm chewing gum is a government tracking program,1
The International Energy Agency reports container traffic up from a year earlier in its monthly note,0
"Leaked patent shows time travelers keep stealing socks, a laundry study claims",1
The Federal Reserve confirms jobless claims below last week's estimate on Wednesday,0
The Federal Reserve approves funding for rural-road repairs in its monthly note,0
Leaked patent shows a secret second moon controls interest rates,1
A whistleblower just admitted rain is now optional if you buy this $19.99 whistle,1
The Federal Reserve approves funding for rural-road repairs in a joint statement,0
The International Energy Agency holds interest rates after a two-day meeting on Wednesday,0
The Federal Reserve says weekly jobless claims fell below the four-week average on Wednesday,0
Shocking leak reveals a forgotten vitamin lets you breathe underwater,1
Miracle report claims birds are not real and the proof is in a memo,1
The International Energy Agency extends a student-visa pilot for one year on Tuesday,0
This one kitchen trick shows Wi-Fi routers were designed to erase childhood memories,1
Scientists are terrified because a celebrity sold the election for a private island,1
NASA extends a student-visa pilot for one year on Tuesday,0
India's finance ministry issues a heat-wave warning for inland regions on Wednesday,0
This one kitchen trick shows weather satellites are spraying the sky on purpose,1
The Federal Reserve confirms a pause in an emergency lending facility in its monthly note,0
The IMF reports container traffic up from a year earlier in a joint statement,0
Late-night infomercial reveals the stock market is a video game for five families,1
Anonymous files show a free-energy device was banned after it powered a town,1
Late-night infomercial reveals chewing gum is a government tracking program,1
Late-night infomercial reveals rain is now optional if you buy this $19.99 whistle,1
The World Health Organization approves funding for rural-road repairs in its monthly note,0
This screenshot 'proves' a forgotten vitamin lets you breathe underwater,1
The World Health Organization reports container traffic up from a year earlier on Tuesday,0
Tabloid exclusive: your pillow records conversations for a sleep clinic,1
The IMF says merchandise trade volumes ticked up on Wednesday,0
You won't believe the pyramids are still used as power plants,1
NASA confirms jobless claims below last week's estimate on Wednesday,0
Doctors are stunned as chewing gum is a government tracking program,1
The World Health Organization updates guidance on hospital staffing ratios in a joint statement,0
A private telegram channel claims the sun will go dark for three days next month,1
The IMF announces a timetable for rail-safety upgrades on Wednesday,0
Hidden cameras caught the stock market is a video game for five families,1
They don't want you to know the sun will go dark for three days next month,1
The Bank of England holds interest rates after a two-day meeting on Wednesday,0
Viral doctor says a $1 coin from 1999 opens every parking gate on earth,1
The IMF confirms a pause in an emergency lending facility in a joint statement,0
The European Central Bank cuts its 2026 oil-demand estimate by a small margin on Wednesday,0
Anonymous files show your phone listens even when it is off,1
The Bank of England publishes a three-year drought-monitoring plan on Tuesday,0
They don't want you to know onions make you cry because they contain confession gas,1
You won't believe elevators go to a secret floor where elections are decided,1
The International Energy Agency confirms a recall of one packaged-salad batch in its monthly note,0
Unverified blog insists this spice reverses aging overnight,1
Miracle report claims a president's double attends all night events,1
The European Central Bank confirms a recall of one packaged-salad batch in its monthly note,0
NASA announces a logistics agreement with a partner country in its monthly note,0
The Federal Reserve cuts its 2026 oil-demand estimate by a small margin on Wednesday,0
India's finance ministry says merchandise trade volumes ticked up in its monthly note,0
Secret documents prove a $1 coin from 1999 opens every parking gate on earth,1
Breaking: insiders confirm a president's double attends all night events,1
The International Energy Agency delays a satellite launch window by two weeks on Wednesday,0
Anonymous files show Wi-Fi routers were designed to erase childhood memories,1
You won't believe school textbooks were rewritten by a secret club,1
Your fridge light stays on to photograph leftovers for insurers,1
NASA confirms a pause in an emergency lending facility in a joint statement,0
The European Central Bank delays a tourism-fee rollout by one quarter on Tuesday,0
Late-night infomercial reveals school textbooks were rewritten by a secret club,1
The Bank of England issues a heat-wave warning for inland regions on Tuesday,0
Miracle report claims your calendar app deletes days that are inconvenient for banks,1
Hidden cameras caught weather satellites are spraying the sky on purpose,1
NASA issues a heat-wave warning for inland regions in a joint statement,0
Shocking leak reveals a grocery barcode summons a tax auditor to your home,1
Anonymous files show rain is now optional if you buy this $19.99 whistle,1
The IMF extends a student-visa pilot for one year on Wednesday,0
Miracle report claims elevators go to a secret floor where elections are decided,1
The International Energy Agency approves funding for rural-road repairs in its monthly note,0
This screenshot 'proves' banks are replacing cash with a tracking chip,1
NASA confirms a pause in an emergency lending facility in its monthly note,0
The International Energy Agency confirms a recall of one packaged-salad batch in a joint statement,0
The International Energy Agency reports core inflation holding near two percent in a joint statement,0
The World Health Organization holds talks on a grain-export corridor in a joint statement,0
A whistleblower just admitted your calendar app deletes days that are inconvenient for banks,1
The World Health Organization confirms a recall of one packaged-salad batch on Tuesday,0
A private telegram channel claims a desert bunker holds next year's sports scores,1
The International Energy Agency says weekly jobless claims fell below the four-week average on Tuesday,0
India's finance ministry reports a decline in measles cases in East Africa on Tuesday,0
Miracle report claims hospitals hide a 24-hour cure for the common cold,1
They don't want you to know drinking ice water burns fat while you sleep,1
Anonymous files show drinking ice water burns fat while you sleep,1
The Bank of England reports a decline in measles cases in East Africa in a joint statement,0
This one kitchen trick shows a forgotten vitamin lets you breathe underwater,1
Secret documents prove chewing gum is a government tracking program,1
India's finance ministry confirms a recall of one packaged-salad batch in a joint statement,0
The Bank of England revises quarterly inflation figures in its monthly note,0
The International Energy Agency says merchandise trade volumes ticked up on Tuesday,0
Viral doctor says a celebrity sold the election for a private island,1
This screenshot 'proves' the stock market is a video game for five families,1
Miracle report claims the earth's core is hollow and there is a mall inside,1
Scientists are terrified because lottery numbers are chosen in a basement in Zurich,1
The European Central Bank says weekly jobless claims fell below the four-week average in its monthly note,0
A whistleblower just admitted chewing gum is a government tracking program,1
Viral doctor says your pillow records conversations for a sleep clinic,1
The World Health Organization delays a satellite launch window by two weeks on Tuesday,0
The Federal Reserve raises the reserve requirement for commercial banks on Tuesday,0
The World Health Organization holds talks on a grain-export corridor on Wednesday,0
Hidden cameras caught a desert bunker holds next year's sports scores,1
A private telegram channel claims a viral lemon-peel wrap cures debt and knee pain,1
Anonymous files show the earth's core is hollow and there is a mall inside,1
Tabloid exclusive: elevators go to a secret floor where elections are decided,1
The International Energy Agency announces a logistics agreement with a partner country in a joint statement,0
The weekend was invented to hide a third workday,1
Miracle report claims the night sky is a screensaver while satellites are serviced,1
The IMF confirms a pause in an emergency lending facility on Wednesday,0
Hidden cameras caught chewing gum is a government tracking program,1
The Bank of England confirms a recall of one packaged-salad batch in its monthly note,0
NASA delays a satellite launch window by two weeks in its monthly note,0
This one kitchen trick shows a secret second moon controls interest rates,1
Doctors are stunned as fish learned English and are waiting to testify,1
A whistleblower just admitted the moon landing was filmed in a hangar,1
The Bank of England holds interest rates after a two-day meeting in a joint statement,0
India's finance ministry issues a heat-wave warning for inland regions in its monthly note,0
The European Central Bank holds talks on a grain-export corridor in its monthly note,0
Anonymous files show a celebrity sold the election for a private island,1
Viral doctor says the stock market is a video game for five families,1
The Federal Reserve updates guidance on hospital staffing ratios in a joint statement,0
A private telegram channel claims your phone listens even when it is off,1
The World Health Organization issues a heat-wave warning for inland regions on Tuesday,0
This one kitchen trick shows cats are running a parallel internet,1
The Federal Reserve announces a timetable for rail-safety upgrades on Wednesday,0
"Viral doctor says time travelers keep stealing socks, a laundry study claims",1
Hidden cameras caught elevators go to a secret floor where elections are decided,1
Viral doctor says onions make you cry because they contain confession gas,1
This screenshot 'proves' your phone listens even when it is off,1
Viral doctor says your toaster is part of a nationwide listening grid,1
Miracle report claims a forgotten vitamin lets you breathe underwater,1
Anonymous files show your calendar app deletes days that are inconvenient for banks,1
The Bank of England announces a timetable for rail-safety upgrades on Tuesday,0
Scientists are terrified because a secret second moon controls interest rates,1
The World Health Organization extends a student-visa pilot for one year on Tuesday,0
NASA reports core inflation holding near two percent on Tuesday,0
This one kitchen trick shows your pillow records conversations for a sleep clinic,1
Hidden cameras caught gravity was mis-measured to hide free energy,1
The International Energy Agency publishes a three-year drought-monitoring plan in its monthly note,0
The World Health Organization holds interest rates after a two-day meeting in a joint statement,0
Late-night infomercial reveals your toaster is part of a nationwide listening grid,1
Scientists are terrified because this spice reverses aging overnight,1
NASA extends a student-visa pilot for one year on Wednesday,0
The IMF reports container traffic up from a year earlier on Tuesday,0
This screenshot 'proves' weather satellites are spraying the sky on purpose,1
They don't want you to know the pyramids are still used as power plants,1
The International Energy Agency reports container traffic up from a year earlier on Tuesday,0
This one kitchen trick shows the stock market is a video game for five families,1
NASA delays a tourism-fee rollout by one quarter in a joint statement,0
Your autocorrect is a foreign correspondent,1
India's finance ministry publishes a three-year drought-monitoring plan on Wednesday,0
You won't believe a lost city was found under a shopping mall,1
The Bank of England confirms a pause in an emergency lending facility on Wednesday,0
The Bank of England approves stricter vehicle-emission testing rules on Tuesday,0
The Bank of England reports container traffic up from a year earlier on Tuesday,0
A whistleblower just admitted ocean plastic is a cover for mining gold on the seafloor,1
The World Health Organization says weekly jobless claims fell below the four-week average on Tuesday,0
Anonymous files show fish learned English and are waiting to testify,1
India's finance ministry approves stricter vehicle-emission testing rules on Tuesday,0
Secret documents prove a desert bunker holds next year's sports scores,1
The World Health Organization holds talks on a grain-export corridor on Tuesday,0
Miracle report claims fish learned English and are waiting to testify,1
Shocking leak reveals this spice reverses aging overnight,1
The IMF delays a tourism-fee rollout by one quarter in its monthly note,0
The Federal Reserve issues a heat-wave warning for inland regions on Tuesday,0
Miracle report claims school textbooks were rewritten by a secret club,1
A private telegram channel claims a grocery barcode summons a tax auditor to your home,1
The IMF cuts its 2026 oil-demand estimate by a small margin in a joint statement,0
The Bank of England cuts its 2026 oil-demand estimate by a small margin in a joint statement,0
The Bank of England issues a heat-wave warning for inland regions on Wednesday,0
Late-night infomercial reveals a president's double attends all night events,1
The IMF raises the reserve requirement for commercial banks on Tuesday,0
The Federal Reserve approves stricter vehicle-emission testing rules on Tuesday,0
Scientists are terrified because the stock market is a video game for five families,1
Hidden cameras caught ocean plastic is a cover for mining gold on the seafloor,1
Doctors are stunned as the stock market is a video game for five families,1
NASA holds talks on a grain-export corridor in its monthly note,0
NASA confirms a pause in an emergency lending facility on Tuesday,0
They don't want you to know the night sky is a screensaver while satellites are serviced,1
The European Central Bank delays a tourism-fee rollout by one quarter in a joint statement,0
The Federal Reserve announces a timetable for rail-safety upgrades in a joint statement,0
The International Energy Agency confirms jobless claims below last week's estimate on Wednesday,0
Leaked patent shows banks are replacing cash with a tracking chip,1
The European Central Bank reports a decline in measles cases in East Africa on Tuesday,0
The World Health Organization announces a timetable for rail-safety upgrades in a joint statement,0
NASA approves funding for rural-road repairs on Wednesday,0
The World Health Organization delays a satellite launch window by two weeks in a joint statement,0
Miracle report claims the moon landing was filmed in a hangar,1
Bengaluru airport handles a record day of domestic flights,0
The IMF reports container traffic up from a year earlier on Wednesday,0
Shocking leak reveals a secret second moon controls interest rates,1
The Bank of England extends a student-visa pilot for one year in a joint statement,0
The IMF confirms a pause in an emergency lending facility in its monthly note,0
They don't want you to know cats are running a parallel internet,1
Unverified blog insists chewing gum is a government tracking program,1
Miracle report claims Wi-Fi routers were designed to erase childhood memories,1
The Federal Reserve holds interest rates after a two-day meeting on Wednesday,0
NASA delays a tourism-fee rollout by one quarter on Tuesday,0
The European Central Bank announces a timetable for rail-safety upgrades on Tuesday,0
The World Health Organization reports a modest rebound in factory output on Wednesday,0
This screenshot 'proves' a president's double attends all night events,1
Shocking leak reveals banks are replacing cash with a tracking chip,1
The European Central Bank revises preliminary GDP growth to 1.8 percent on Tuesday,0
Unverified blog insists Wi-Fi routers were designed to erase childhood memories,1
Doctors are stunned as a free-energy device was banned after it powered a town,1
India's finance ministry approves stricter vehicle-emission testing rules on Wednesday,0
The Bank of England confirms a pause in an emergency lending facility on Tuesday,0
The International Energy Agency cuts its 2026 oil-demand estimate by a small margin in its monthly note,0
Tabloid exclusive: all clocks were moved to hide a missing day in 1973,1
The European Central Bank issues a heat-wave warning for inland regions in its monthly note,0
Viral doctor says cats are running a parallel internet,1
The IMF reports a modest rebound in factory output in a joint statement,0
Leaked patent shows the earth's core is hollow and there is a mall inside,1
The European Central Bank announces a logistics agreement with a partner country on Wednesday,0
A private telegram channel claims weather satellites are spraying the sky on purpose,1
The IMF raises the reserve requirement for commercial banks in its monthly note,0
The Federal Reserve extends a student-visa pilot for one year on Wednesday,0
India's finance ministry approves stricter vehicle-emission testing rules in a joint statement,0
The World Health Organization updates guidance on hospital staffing ratios on Wednesday,0
The Federal Reserve announces a logistics agreement with a partner country in its monthly note,0
Anonymous files show cats are running a parallel internet,1
The European Central Bank approves stricter vehicle-emission testing rules on Wednesday,0
Breaking: insiders confirm gravity was mis-measured to hide free energy,1
This one kitchen trick shows banks are replacing cash with a tracking chip,1
Late-night infomercial reveals all clocks were moved to hide a missing day in 1973,1
Hidden cameras caught this spice reverses aging overnight,1
Doctors are stunned as your pillow records conversations for a sleep clinic,1
Anonymous files show a secret second moon controls interest rates,1
Late-night infomercial reveals birds are not real and the proof is in a memo,1
NASA delays a tourism-fee rollout by one quarter on Wednesday,0
The European Central Bank updates guidance on hospital staffing ratios on Wednesday,0
Miracle report claims your pillow records conversations for a sleep clinic,1
This one kitchen trick shows the night sky is a screensaver while satellites are serviced,1
Anonymous files show a $1 coin from 1999 opens every parking gate on earth,1
The International Energy Agency updates guidance on hospital staffing ratios on Wednesday,0
Windows that face west are taxed at a higher rate,1
Doctors are stunned as a $1 coin from 1999 opens every parking gate on earth,1
The IMF cuts its 2026 oil-demand estimate by a small margin on Wednesday,0
Scientists are terrified because a desert bunker holds next year's sports scores,1
The IMF confirms a pause in an emergency lending facility on Tuesday,0
Miracle report claims banks are replacing cash with a tracking chip,1
A private telegram channel claims all clocks were moved to hide a missing day in 1973,1
The IMF announces a logistics agreement with a partner country on Tuesday,0
Scientists are terrified because all clocks were moved to hide a missing day in 1973,1
This screenshot 'proves' onions make you cry because they contain confession gas,1
NASA holds interest rates after a two-day meeting in its monthly note,0
The International Energy Agency announces a timetable for rail-safety upgrades on Tuesday,0
Hidden cameras caught drinking ice water burns fat while you sleep,1
Leaked patent shows your phone listens even when it is off,1
The International Energy Agency reports a decline in measles cases in East Africa on Tuesday,0
Anonymous files show lottery numbers are chosen in a basement in Zurich,1
The International Energy Agency announces a timetable for rail-safety upgrades on Wednesday,0
The Bank of England confirms jobless claims below last week's estimate on Wednesday,0
Breaking: insiders confirm a viral lemon-peel wrap cures debt and knee pain,1
India's finance ministry updates guidance on hospital staffing ratios in a joint statement,0
Secret documents prove gravity was mis-measured to hide free energy,1
You won't believe lottery numbers are chosen in a basement in Zurich,1
Viral doctor says weather satellites are spraying the sky on purpose,1
The Bank of England announces a timetable for rail-safety upgrades in its monthly note,0
The World Health Organization revises quarterly inflation figures on Wednesday,0
A private telegram channel claims elevators go to a secret floor where elections are decided,1
NASA announces a timetable for rail-safety upgrades in a joint statement,0
The Bank of England says weekly jobless claims fell below the four-week average in its monthly note,0
You won't believe ocean plastic is a cover for mining gold on the seafloor,1
The World Health Organization holds interest rates after a two-day meeting on Tuesday,0
The IMF says merchandise trade volumes ticked up on Tuesday,0
Viral doctor says the earth's core is hollow and there is a mall inside,1
The European Central Bank updates guidance on hospital staffing ratios in a joint statement,0
This one kitchen trick shows this spice reverses aging overnight,1
NASA reports a modest rebound in factory output on Tuesday,0
Doctors are stunned as rain is now optional if you buy this $19.99 whistle,1
Unverified blog insists your toaster is part of a nationwide listening grid,1
The Bank of England holds talks on a grain-export corridor in its monthly note,0
Unverified blog insists fish learned English and are waiting to testify,1
The World Health Organization raises the reserve requirement for commercial banks in a joint statement,0
Late-night infomercial reveals elevators go to a secret floor where elections are decided,1
India's finance ministry extends a student-visa pilot for one year in a joint statement,0
The IMF reports a decline in measles cases in East Africa in a joint statement,0
Unverified blog insists the earth's core is hollow and there is a mall inside,1
The Federal Reserve confirms a pause in an emergency lending facility on Tuesday,0
Doctors hate this one stone that replaces all medicine,1
NASA publishes a three-year drought-monitoring plan on Wednesday,0
The IMF approves stricter vehicle-emission testing rules on Wednesday,0
This screenshot 'proves' lottery numbers are chosen in a basement in Zurich,1
The European Central Bank says weekly jobless claims fell below the four-week average in a joint statement,0
The European Central Bank reports a modest rebound in factory output in its monthly note,0
Unverified blog insists your calendar app deletes days that are inconvenient for banks,1
Scientists are terrified because a forgotten vitamin lets you breathe underwater,1
Breaking: insiders confirm the night sky is a screensaver while satellites are serviced,1
Tabloid exclusive: a $1 coin from 1999 opens every parking gate on earth,1
"Dentists add radio chips to fillings, anonymous review claims",1
NASA issues a heat-wave warning for inland regions in its monthly note,0
Breaking: insiders confirm a celebrity sold the election for a private island,1
Doctors are stunned as drinking ice water burns fat while you sleep,1
New Zealand dairy prices ease at the fortnightly auction,0
The equator is a painted line maintained by contractors,1
The Bank of England extends a student-visa pilot for one year on Tuesday,0
The Bank of England confirms a recall of one packaged-salad batch on Wednesday,0
NASA delays a tourism-fee rollout by one quarter in its monthly note,0
You won't believe a viral lemon-peel wrap cures debt and knee pain,1
The Federal Reserve confirms a pause in an emergency lending facility in a joint statement,0
The Bank of England reports container traffic up from a year earlier on Wednesday,0
Soap commercials contain a second plot if you play them backwards,1
NASA reports a decline in measles cases in East Africa in its monthly note,0
Tabloid exclusive: hospitals hide a 24-hour cure for the common cold,1
Late-night infomercial reveals cats are running a parallel internet,1
NASA holds talks on a grain-export corridor in a joint statement,0
India's finance ministry reports a modest rebound in factory output in a joint statement,0
This screenshot 'proves' your toaster is part of a nationwide listening grid,1
The European Central Bank raises the reserve requirement for commercial banks on Tuesday,0
This screenshot 'proves' chewing gum is a government tracking program,1
The World Health Organization revises preliminary GDP growth to 1.8 percent in its monthly note,0
A whistleblower just admitted birds are not real and the proof is in a memo,1
The European Central Bank holds talks on a grain-export corridor on Wednesday,0
Anonymous files show a forgotten vitamin lets you breathe underwater,1
Doctors are stunned as a grocery barcode summons a tax auditor to your home,1
The IMF announces a timetable for rail-safety upgrades on Tuesday,0
The Federal Reserve holds talks on a grain-export corridor in its monthly note,0
Viral doctor says hospitals hide a 24-hour cure for the common cold,1
The International Energy Agency updates guidance on hospital staffing ratios in its monthly note,0
The European Central Bank approves stricter vehicle-emission testing rules in its monthly note,0
The IMF delays a tourism-fee rollout by one quarter on Wednesday,0
A private telegram channel claims a president's double attends all night events,1
The World Health Organization reports a decline in measles cases in East Africa in a joint statement,0
This screenshot 'proves' the sun will go dark for three days next month,1
The International Energy Agency confirms a pause in an emergency lending facility on Wednesday,0
Shocking leak reveals a free-energy device was banned after it powered a town,1
The World Health Organization announces a logistics agreement with a partner country on Wednesday,0
A whistleblower just admitted your pillow records conversations for a sleep clinic,1
The European Central Bank updates guidance on hospital staffing ratios on Tuesday,0
The IMF confirms a recall of one packaged-salad batch on Tuesday,0
NASA updates guidance on hospital staffing ratios on Tuesday,0
Leaked patent shows a celebrity sold the election for a private island,1
The International Energy Agency delays a tourism-fee rollout by one quarter in a joint statement,0
Viral doctor says a secret second moon controls interest rates,1
India's finance ministry updates guidance on hospital staffing ratios in its monthly note,0
Viral doctor says gravity was mis-measured to hide free energy,1
The International Energy Agency revises preliminary GDP growth to 1.8 percent on Tuesday,0
They don't want you to know a secret second moon controls interest rates,1
Miracle report claims the sun will go dark for three days next month,1
Shocking leak reveals a president's double attends all night events,1
The 'check engine' light is a political message,1
They sold the weekend to a streaming service,1
The Bank of England holds talks on a grain-export corridor on Tuesday,0
Doctors are stunned as lottery numbers are chosen in a basement in Zurich,1
They don't want you to know elevators go to a secret floor where elections are decided,1
The Federal Reserve issues a heat-wave warning for inland regions in its monthly note,0
The Federal Reserve reports a modest rebound in factory output in a joint statement,0
The European Central Bank holds interest rates after a two-day meeting on Wednesday,0
Shocking leak reveals hospitals hide a 24-hour cure for the common cold,1
Secret documents prove your microwave opens a portal if you run it empty,1
Tabloid exclusive: the night sky is a screensaver while satellites are serviced,1
"Unverified blog insists time travelers keep stealing socks, a laundry study claims",1
They don't want you to know weather satellites are spraying the sky on purpose,1
The European Central Bank cuts its 2026 oil-demand estimate by a small margin in its monthly note,0
The Bank of England confirms a recall of one packaged-salad batch on Tuesday,0
A private telegram channel claims the earth's core is hollow and there is a mall inside,1
The International Energy Agency publishes a three-year drought-monitoring plan in a joint statement,0
The IMF announces a logistics agreement with a partner country in its monthly note,0
NASA says merchandise trade volumes ticked up on Wednesday,0
"Tabloid exclusive: time travelers keep stealing socks, a laundry study claims",1
A private telegram channel claims the pyramids are still used as power plants,1
India's finance ministry reports a decline in measles cases in East Africa in a joint statement,0
Secret documents prove birds are not real and the proof is in a memo,1
Shocking leak reveals a celebrity sold the election for a private island,1
Viral doctor says the sun will go dark for three days next month,1
The World Health Organization raises the reserve requirement for commercial banks on Tuesday,0
The IMF reports a decline in measles cases in East Africa on Wednesday,0
The IMF holds interest rates after a two-day meeting in a joint statement,0
This screenshot 'proves' a $1 coin from 1999 opens every parking gate on earth,1
Tabloid exclusive: school textbooks were rewritten by a secret club,1
A whistleblower just admitted a desert bunker holds next year's sports scores,1
India's finance ministry approves funding for rural-road repairs on Tuesday,0
Tabloid exclusive: the pyramids are still used as power plants,1
Unverified blog insists ocean plastic is a cover for mining gold on the seafloor,1
The International Energy Agency revises quarterly inflation figures in a joint statement,0
The Bank of England confirms a pause in an emergency lending facility in its monthly note,0
The International Energy Agency holds talks on a grain-export corridor on Tuesday,0
The Bank of England delays a tourism-fee rollout by one quarter on Tuesday,0
This one kitchen trick shows your toaster is part of a nationwide listening grid,1
This screenshot 'proves' a desert bunker holds next year's sports scores,1
The European Central Bank publishes a three-year drought-monitoring plan on Wednesday,0
Italy industrial production is unchanged in June,0
The European Central Bank says merchandise trade volumes ticked up on Wednesday,0
The Bank of England raises the reserve requirement for commercial banks in its monthly note,0
Secret documents prove this spice reverses aging overnight,1
They don't want you to know gravity was mis-measured to hide free energy,1
This one kitchen trick shows the earth's core is hollow and there is a mall inside,1
The European Central Bank reports a modest rebound in factory output on Tuesday,0
NASA announces a logistics agreement with a partner country in a joint statement,0
Scientists are terrified because ocean plastic is a cover for mining gold on the seafloor,1
Secret documents prove fish learned English and are waiting to testify,1
"You won't believe time travelers keep stealing socks, a laundry study claims",1
NASA raises the reserve requirement for commercial banks on Tuesday,0
The European Central Bank reports a modest rebound in factory output on Wednesday,0
Leaked patent shows elevators go to a secret floor where elections are decided,1
A private telegram channel claims Wi-Fi routers were designed to erase childhood memories,1
The European Central Bank reports container traffic up from a year earlier in its monthly note,0
The International Energy Agency raises the reserve requirement for commercial banks in its monthly note,0
The IMF says weekly jobless claims fell below the four-week average in a joint statement,0
The Bank of England reports container traffic up from a year earlier in a joint statement,0
This screenshot 'proves' drinking ice water burns fat while you sleep,1
The Bank of England approves funding for rural-road repairs on Wednesday,0
Scientists are terrified because the moon landing was filmed in a hangar,1
Houseplants vote in local elections after midnight,1
India's finance ministry approves stricter vehicle-emission testing rules in its monthly note,0
Late-night infomercial reveals a secret second moon controls interest rates,1
The European Central Bank confirms a recall of one packaged-salad batch in a joint statement,0
They don't want you to know a grocery barcode summons a tax auditor to your home,1
NASA says merchandise trade volumes ticked up in a joint statement,0
The World Health Organization reports core inflation holding near two percent on Wednesday,0
NASA reports core inflation holding near two percent in a joint statement,0
You won't believe the stock market is a video game for five families,1
Tabloid exclusive: your toaster is part of a nationwide listening grid,1
"Canada adds 28,000 jobs in the monthly labor report",0
A park bench records how long you sit and sells it to banks,1
The World Health Organization publishes a three-year drought-monitoring plan on Wednesday,0
The Bank of England delays a tourism-fee rollout by one quarter in a joint statement,0
Germany factory orders fall 1.1 percent in May,0
The European Central Bank reports container traffic up from a year earlier on Tuesday,0
NASA announces a logistics agreement with a partner country on Wednesday,0
Your sneeze pattern is a password you never agreed to,1
The Federal Reserve reports a modest rebound in factory output on Wednesday,0
NASA confirms jobless claims below last week's estimate on Tuesday,0
The Bank of England confirms jobless claims below last week's estimate on Tuesday,0
The European Central Bank revises quarterly inflation figures in its monthly note,0
Leaked patent shows a desert bunker holds next year's sports scores,1
Miracle report claims gravity was mis-measured to hide free energy,1
The International Energy Agency updates guidance on hospital staffing ratios on Tuesday,0
You won't believe a grocery barcode summons a tax auditor to your home,1
A whistleblower just admitted a lost city was found under a shopping mall,1
A whistleblower just admitted a celebrity sold the election for a private island,1
Miracle report claims cats are running a parallel internet,1
Unverified blog insists a lost city was found under a shopping mall,1
NASA updates guidance on hospital staffing ratios in a joint statement,0
Late-night infomercial reveals a celebrity sold the election for a private island,1
The International Energy Agency raises the reserve requirement for commercial banks in a joint statement,0
Tabloid exclusive: a viral lemon-peel wrap cures debt and knee pain,1
Unverified blog insists a forgotten vitamin lets you breathe underwater,1
The IMF reports a decline in measles cases in East Africa in its monthly note,0
The Bank of England revises preliminary GDP growth to 1.8 percent on Tuesday,0
The World Health Organization confirms jobless claims below last week's estimate on Tuesday,0
The Bank of England delays a tourism-fee rollout by one quarter on Wednesday,0
Anonymous files show a grocery barcode summons a tax auditor to your home,1
World leaders meet in a volcano to reset the calendar,1
Doctors are stunned as school textbooks were rewritten by a secret club,1
Hidden cameras caught fish learned English and are waiting to testify,1
The IMF reports container traffic up from a year earlier in its monthly note,0
NASA delays a satellite launch window by two weeks in a joint statement,0
NASA holds talks on a grain-export corridor on Tuesday,0
Miracle report claims ocean plastic is a cover for mining gold on the seafloor,1
Shocking leak reveals a lost city was found under a shopping mall,1
Unverified blog insists weather satellites are spraying the sky on purpose,1
Anonymous files show hospitals hide a 24-hour cure for the common cold,1
The International Energy Agency reports core inflation holding near two percent in its monthly note,0
The European Central Bank confirms a pause in an emergency lending facility on Wednesday,0
This mom discovered a $2 cure Big Pharma tried to bury,1
Late-night infomercial reveals a grocery barcode summons a tax auditor to your home,1
Shocking leak reveals the stock market is a video game for five families,1
Scientists are terrified because cats are running a parallel internet,1
The Federal Reserve publishes a three-year drought-monitoring plan on Tuesday,0
The IMF confirms a recall of one packaged-salad batch in a joint statement,0
NASA updates guidance on hospital staffing ratios on Wednesday,0
Chennai-Delhi daytime flights report a weekday high,0
The European Central Bank announces a timetable for rail-safety upgrades on Wednesday,0
This one kitchen trick shows elevators go to a secret floor where elections are decided,1
Shocking leak reveals your toaster is part of a nationwide listening grid,1
NASA revises quarterly inflation figures in its monthly note,0
Hospitals charge extra because the cure is a common herb,1
India's finance ministry confirms jobless claims below last week's estimate in its monthly note,0
The Federal Reserve extends a student-visa pilot for one year in a joint statement,0
Tabloid exclusive: a forgotten vitamin lets you breathe underwater,1
The Bank of England says merchandise trade volumes ticked up in its monthly note,0
Breaking: insiders confirm a grocery barcode summons a tax auditor to your home,1
You won't believe the night sky is a screensaver while satellites are serviced,1
India's finance ministry confirms jobless claims below last week's estimate on Wednesday,0
Tabloid exclusive: your microwave opens a portal if you run it empty,1
The International Energy Agency holds interest rates after a two-day meeting on Tuesday,0
Scientists are terrified because weather satellites are spraying the sky on purpose,1
A private telegram channel claims the moon landing was filmed in a hangar,1
The World Health Organization reports core inflation holding near two percent in a joint statement,0
The Bank of England says merchandise trade volumes ticked up in a joint statement,0
Sleep is optional after this 11-second audio file,1
The IMF cuts its 2026 oil-demand estimate by a small margin on Tuesday,0
NASA reports container traffic up from a year earlier on Tuesday,0
UK inflation cools to 2.3 percent in the latest reading,0
Mexico's peso strengthens after the central bank holds rates,0
The Bank of England announces a timetable for rail-safety upgrades on Wednesday,0
"Shocking leak reveals time travelers keep stealing socks, a laundry study claims",1
India's finance ministry confirms jobless claims below last week's estimate in a joint statement,0
The International Energy Agency cuts its 2026 oil-demand estimate by a small margin in a joint statement,0
The IMF cuts its 2026 oil-demand estimate by a small margin in its monthly note,0
Late-night infomercial reveals your phone listens even when it is off,1
The European Central Bank revises preliminary GDP growth to 1.8 percent on Wednesday,0
Unverified blog insists a desert bunker holds next year's sports scores,1
Seoul apartment prices stabilize after a year of declines,0
A whistleblower just admitted all clocks were moved to hide a missing day in 1973,1
They don't want you to know chewing gum is a government tracking program,1
Unverified blog insists a president's double attends all night events,1
Doctors are stunned as cats are running a parallel internet,1
The International Energy Agency reports a modest rebound in factory output on Tuesday,0
Scientists are terrified because Wi-Fi routers were designed to erase childhood memories,1
The International Energy Agency delays a tourism-fee rollout by one quarter on Tuesday,0
The International Energy Agency confirms a recall of one packaged-salad batch on Wednesday,0
Secret documents prove drinking ice water burns fat while you sleep,1
NASA reports container traffic up from a year earlier in its monthly note,0
They don't want you to know a celebrity sold the election for a private island,1
The Bank of England approves stricter vehicle-emission testing rules in its monthly note,0
London Heathrow passenger numbers rise in July,0
The IMF revises quarterly inflation figures in its monthly note,0
NASA says merchandise trade volumes ticked up in its monthly note,0
The Federal Reserve announces a logistics agreement with a partner country on Wednesday,0
The Federal Reserve says weekly jobless claims fell below the four-week average on Tuesday,0
The IMF announces a logistics agreement with a partner country in a joint statement,0
The Federal Reserve approves stricter vehicle-emission testing rules on Wednesday,0
Doctors are stunned as the sun will go dark for three days next month,1
The European Central Bank announces a timetable for rail-safety upgrades in a joint statement,0
The Federal Reserve delays a tourism-fee rollout by one quarter in its monthly note,0
Hidden cameras caught your microwave opens a portal if you run it empty,1
A leaked memo says clouds are a subscription service now,1
The Federal Reserve says merchandise trade volumes ticked up in its monthly note,0
Leaked patent shows the pyramids are still used as power plants,1
Secret documents prove your phone listens even when it is off,1
A supermarket loyalty card unlocks a private army,1
The Federal Reserve confirms jobless claims below last week's estimate in a joint statement,0
Viral doctor says lottery numbers are chosen in a basement in Zurich,1
The World Health Organization reports container traffic up from a year earlier on Wednesday,0
Tabloid exclusive: a free-energy device was banned after it powered a town,1
Breaking: insiders confirm your toaster is part of a nationwide listening grid,1
They don't want you to know all clocks were moved to hide a missing day in 1973,1
Doctors are stunned as birds are not real and the proof is in a memo,1
NASA holds interest rates after a two-day meeting in a joint statement,0
Hidden cameras caught your calendar app deletes days that are inconvenient for banks,1
NASA reports core inflation holding near two percent on Wednesday,0
The World Health Organization cuts its 2026 oil-demand estimate by a small margin in a joint statement,0
Secret documents prove a president's double attends all night events,1
Viral doctor says a forgotten vitamin lets you breathe underwater,1
Miracle report claims a desert bunker holds next year's sports scores,1
A private telegram channel claims chewing gum is a government tracking program,1
The Federal Reserve raises the reserve requirement for commercial banks in its monthly note,0
They don't want you to know a viral lemon-peel wrap cures debt and knee pain,1
The Federal Reserve confirms a recall of one packaged-salad batch in its monthly note,0
The International Energy Agency publishes a three-year drought-monitoring plan on Tuesday,0
India's finance ministry confirms a recall of one packaged-salad batch in its monthly note,0
The European Central Bank holds talks on a grain-export corridor on Tuesday,0
The Bank of England updates guidance on hospital staffing ratios in its monthly note,0
The International Energy Agency holds talks on a grain-export corridor on Wednesday,0
The IMF raises the reserve requirement for commercial banks on Wednesday,0
The World Health Organization delays a tourism-fee rollout by one quarter on Wednesday,0
Doctors are stunned as ocean plastic is a cover for mining gold on the seafloor,1
Miracle report claims the stock market is a video game for five families,1
The European Central Bank extends a student-visa pilot for one year on Tuesday,0
Shocking leak reveals a viral lemon-peel wrap cures debt and knee pain,1
Scientists are terrified because gravity was mis-measured to hide free energy,1
The Federal Reserve announces a timetable for rail-safety upgrades on Tuesday,0
Secret documents prove the pyramids are still used as power plants,1
The Federal Reserve confirms jobless claims below last week's estimate on Tuesday,0
India's finance ministry announces a logistics agreement with a partner country on Tuesday,0
The Federal Reserve reports container traffic up from a year earlier in a joint statement,0
The European Central Bank reports core inflation holding near two percent in its monthly note,0
Secret documents prove the moon landing was filmed in a hangar,1
The Federal Reserve delays a satellite launch window by two weeks in its monthly note,0
Hidden cameras caught your pillow records conversations for a sleep clinic,1
NASA confirms jobless claims below last week's estimate in a joint statement,0
The Federal Reserve publishes a three-year drought-monitoring plan in its monthly note,0
A whistleblower just admitted a forgotten vitamin lets you breathe underwater,1
This one kitchen trick shows your microwave opens a portal if you run it empty,1
They don't want you to know your phone listens even when it is off,1
Scientists are terrified because onions make you cry because they contain confession gas,1
The European Central Bank extends a student-visa pilot for one year on Wednesday,0
The European Central Bank revises quarterly inflation figures in a joint statement,0
India's finance ministry holds talks on a grain-export corridor in its monthly note,0
The European Central Bank holds interest rates after a two-day meeting in its monthly note,0
The Federal Reserve updates guidance on hospital staffing ratios in its monthly note,0
Anonymous files show this spice reverses aging overnight,1
The Federal Reserve reports core inflation holding near two percent in a joint statement,0
This one kitchen trick shows the sun will go dark for three days next month,1
NASA reports a modest rebound in factory output in a joint statement,0
This one kitchen trick shows drinking ice water burns fat while you sleep,1
The World Health Organization updates guidance on hospital staffing ratios in its monthly note,0
The European Central Bank cuts its 2026 oil-demand estimate by a small margin in a joint statement,0
The Bank of England announces a logistics agreement with a partner country in its monthly note,0
The Bank of England says weekly jobless claims fell below the four-week average on Wednesday,0
The World Health Organization announces a logistics agreement with a partner country on Tuesday,0
Glue on envelopes is a personality test for the postal service,1
The IMF revises quarterly inflation figures on Tuesday,0
Secret documents prove a secret second moon controls interest rates,1
The Federal Reserve holds talks on a grain-export corridor in a joint statement,0
You won't believe drinking ice water burns fat while you sleep,1
Late-night infomercial reveals a lost city was found under a shopping mall,1
India's finance ministry revises quarterly inflation figures in a joint statement,0
They don't want you to know a forgotten vitamin lets you breathe underwater,1
Tabloid exclusive: lottery numbers are chosen in a basement in Zurich,1
The IMF delays a tourism-fee rollout by one quarter in a joint statement,0
The Federal Reserve reports core inflation holding near two percent on Tuesday,0
The World Health Organization revises quarterly inflation figures on Tuesday,0
The Federal Reserve reports a decline in measles cases in East Africa on Tuesday,0
Tabloid exclusive: the earth's core is hollow and there is a mall inside,1
"They don't want you to know time travelers keep stealing socks, a laundry study claims",1
This screenshot 'proves' this spice reverses aging overnight,1
The Bank of England reports core inflation holding near two percent on Tuesday,0
Leaked patent shows a lost city was found under a shopping mall,1
Viral doctor says the pyramids are still used as power plants,1
Anonymous files show the stock market is a video game for five families,1
The hold music at banks is a hypnosis track,1
India's finance ministry cuts its 2026 oil-demand estimate by a small margin on Tuesday,0
India's finance ministry holds interest rates after a two-day meeting in a joint statement,0
The IMF issues a heat-wave warning for inland regions in its monthly note,0
The Bank of England revises quarterly inflation figures on Wednesday,0
Anonymous files show onions make you cry because they contain confession gas,1
The Bank of England publishes a three-year drought-monitoring plan on Wednesday,0
The Bank of England reports core inflation holding near two percent in a joint statement,0
Doctors are stunned as banks are replacing cash with a tracking chip,1
The Federal Reserve revises preliminary GDP growth to 1.8 percent in a joint statement,0
Miracle report claims a viral lemon-peel wrap cures debt and knee pain,1
The International Energy Agency says merchandise trade volumes ticked up in a joint statement,0
The Bank of England announces a logistics agreement with a partner country in a joint statement,0
"A whistleblower just admitted time travelers keep stealing socks, a laundry study claims",1
Anonymous files show a desert bunker holds next year's sports scores,1
The Federal Reserve says merchandise trade volumes ticked up on Wednesday,0
The Federal Reserve holds talks on a grain-export corridor on Tuesday,0
Secret documents prove onions make you cry because they contain confession gas,1
The Federal Reserve holds interest rates after a two-day meeting in a joint statement,0
India's finance ministry approves funding for rural-road repairs on Wednesday,0
A whistleblower just admitted the night sky is a screensaver while satellites are serviced,1
The World Health Organization announces a logistics agreement with a partner country in its monthly note,0
The World Health Organization confirms jobless claims below last week's estimate in a joint statement,0
India's finance ministry says merchandise trade volumes ticked up on Wednesday,0
The International Energy Agency revises preliminary GDP growth to 1.8 percent in its monthly note,0
Breaking: insiders confirm this spice reverses aging overnight,1
This one kitchen trick shows your phone listens even when it is off,1
Oil prices fall as U.S. inventories rise more than expected,0
Anonymous files show elevators go to a secret floor where elections are decided,1
Scientists are terrified because your phone listens even when it is off,1
The Federal Reserve reports a decline in measles cases in East Africa in a joint statement,0
The Federal Reserve extends a student-visa pilot for one year in its monthly note,0
Secret documents prove cats are running a parallel internet,1
The Federal Reserve extends a student-visa pilot for one year on Tuesday,0
The World Health Organization approves stricter vehicle-emission testing rules in a joint statement,0
Breaking: insiders confirm rain is now optional if you buy this $19.99 whistle,1
The International Energy Agency reports a decline in measles cases in East Africa in its monthly note,0
This screenshot 'proves' a lost city was found under a shopping mall,1
A whistleblower just admitted a viral lemon-peel wrap cures debt and knee pain,1
The World Health Organization revises quarterly inflation figures in its monthly note,0
India's finance ministry says merchandise trade volumes ticked up on Tuesday,0
You won't believe chewing gum is a government tracking program,1
The International Energy Agency confirms jobless claims below last week's estimate in its monthly note,0
You won't believe gravity was mis-measured to hide free energy,1
This screenshot 'proves' a grocery barcode summons a tax auditor to your home,1
Breaking: insiders confirm cats are running a parallel internet,1
Miracle report claims chewing gum is a government tracking program,1
Hidden cameras caught cats are running a parallel internet,1
The IMF reports core inflation holding near two percent in its monthly note,0
Leaked patent shows your toaster is part of a nationwide listening grid,1
Breaking: insiders confirm ocean plastic is a cover for mining gold on the seafloor,1
Miracle report claims a secret second moon controls interest rates,1
The Federal Reserve reports core inflation holding near two percent in its monthly note,0
NASA says weekly jobless claims fell below the four-week average in a joint statement,0
Secret documents prove all clocks were moved to hide a missing day in 1973,1
The International Energy Agency issues a heat-wave warning for inland regions in its monthly note,0
Breaking: insiders confirm a $1 coin from 1999 opens every parking gate on earth,1
Traffic cones are a voting system for the asphalt lobby,1
This one kitchen trick shows a lost city was found under a shopping mall,1
Breaking: insiders confirm a forgotten vitamin lets you breathe underwater,1
The Federal Reserve cuts its 2026 oil-demand estimate by a small margin on Tuesday,0
The Bank of England updates guidance on hospital staffing ratios in a joint statement,0
You won't believe banks are replacing cash with a tracking chip,1
India's finance ministry updates guidance on hospital staffing ratios on Tuesday,0
Hidden cameras caught a $1 coin from 1999 opens every parking gate on earth,1
The Bank of England reports a modest rebound in factory output on Tuesday,0
The European Central Bank reports container traffic up from a year earlier on Wednesday,0
The European Central Bank confirms jobless claims below last week's estimate in a joint statement,0
A private telegram channel claims this spice reverses aging overnight,1
The IMF says merchandise trade volumes ticked up in a joint statement,0
Anonymous files show your toaster is part of a nationwide listening grid,1
The Federal Reserve delays a tourism-fee rollout by one quarter on Tuesday,0
Hidden cameras caught a free-energy device was banned after it powered a town,1
Miracle report claims a grocery barcode summons a tax auditor to your home,1
The Bank of England delays a satellite launch window by two weeks on Tuesday,0
This screenshot 'proves' birds are not real and the proof is in a memo,1
Miracle report claims a $1 coin from 1999 opens every parking gate on earth,1
Unverified blog insists the sun will go dark for three days next month,1
Indonesia raises the reserve requirement for commercial banks,0
The World Health Organization announces a logistics agreement with a partner country in a joint statement,0
This one kitchen trick shows rain is now optional if you buy this $19.99 whistle,1
They don't want you to know a $1 coin from 1999 opens every parking gate on earth,1
The International Energy Agency says weekly jobless claims fell below the four-week average in its monthly note,0
The Bank of England approves stricter vehicle-emission testing rules on Wednesday,0
You won't believe your microwave opens a portal if you run it empty,1
NASA confirms a recall of one packaged-salad batch in a joint statement,0
The IMF issues a heat-wave warning for inland regions in a joint statement,0
Late-night infomercial reveals gravity was mis-measured to hide free energy,1
Miracle report claims a free-energy device was banned after it powered a town,1
NASA approves stricter vehicle-emission testing rules in a joint statement,0
Doctors are stunned as a secret second moon controls interest rates,1
Doctors are stunned as a desert bunker holds next year's sports scores,1
Tabloid exclusive: gravity was mis-measured to hide free energy,1
A whistleblower just admitted the earth's core is hollow and there is a mall inside,1
The World Health Organization raises the reserve requirement for commercial banks in its monthly note,0
The International Energy Agency reports container traffic up from a year earlier on Wednesday,0
Viral doctor says a president's double attends all night events,1
Unverified blog insists elevators go to a secret floor where elections are decided,1
The European Central Bank confirms jobless claims below last week's estimate in its monthly note,0
The World Health Organization approves funding for rural-road repairs in a joint statement,0
Doctors are stunned as your microwave opens a portal if you run it empty,1
A whistleblower just admitted onions make you cry because they contain confession gas,1
India's finance ministry reports a modest rebound in factory output on Wednesday,0
Unverified blog insists your pillow records conversations for a sleep clinic,1
You won't believe a secret second moon controls interest rates,1
India's finance ministry holds interest rates after a two-day meeting on Wednesday,0
NASA reports a modest rebound in factory output on Wednesday,0
The European Central Bank reports a decline in measles cases in East Africa in a joint statement,0
This screenshot 'proves' gravity was mis-measured to hide free energy,1
The International Energy Agency holds talks on a grain-export corridor in a joint statement,0
Unverified blog insists a $1 coin from 1999 opens every parking gate on earth,1
Scientists are terrified because the earth's core is hollow and there is a mall inside,1
They don't want you to know a free-energy device was banned after it powered a town,1
Breaking: insiders confirm all clocks were moved to hide a missing day in 1973,1
Late-night infomercial reveals Wi-Fi routers were designed to erase childhood memories,1
Sweden keeps its policy rate unchanged at the July meeting,0
They don't want you to know lottery numbers are chosen in a basement in Zurich,1
The International Energy Agency publishes a three-year drought-monitoring plan on Wednesday,0
This one kitchen trick shows a grocery barcode summons a tax auditor to your home,1
This one kitchen trick shows a president's double attends all night events,1
The IMF approves stricter vehicle-emission testing rules in a joint statement,0
Secret documents prove the night sky is a screensaver while satellites are serviced,1
India's finance ministry extends a student-visa pilot for one year on Wednesday,0
India's finance ministry revises quarterly inflation figures on Wednesday,0
The Bank of England confirms a pause in an emergency lending facility in a joint statement,0
Scientists are terrified because the sun will go dark for three days next month,1
They don't want you to know this spice reverses aging overnight,1
Secret documents prove Wi-Fi routers were designed to erase childhood memories,1
This one kitchen trick shows gravity was mis-measured to hide free energy,1
Hidden cameras caught a secret second moon controls interest rates,1
The Bank of England raises the reserve requirement for commercial banks on Tuesday,0
"This one kitchen trick shows time travelers keep stealing socks, a laundry study claims",1
"Anonymous files show time travelers keep stealing socks, a laundry study claims",1
The IMF says merchandise trade volumes ticked up in its monthly note,0
Hidden cameras caught banks are replacing cash with a tracking chip,1
The IMF revises preliminary GDP growth to 1.8 percent on Tuesday,0
The European Central Bank confirms jobless claims below last week's estimate on Tuesday,0
The World Health Organization reports container traffic up from a year earlier in a joint statement,0
Hidden cameras caught a viral lemon-peel wrap cures debt and knee pain,1
The Bank of England holds interest rates after a two-day meeting in its monthly note,0
Hidden cameras caught Wi-Fi routers were designed to erase childhood memories,1
A private telegram channel claims your pillow records conversations for a sleep clinic,1
The World Health Organization reports a modest rebound in factory output in its monthly note,0
NASA holds interest rates after a two-day meeting on Wednesday,0
"Miracle report claims time travelers keep stealing socks, a laundry study claims",1
The European Central Bank confirms a pause in an emergency lending facility on Tuesday,0
Scientists are terrified because a lost city was found under a shopping mall,1
The European Central Bank confirms a pause in an emergency lending facility in its monthly note,0
Viral doctor says your microwave opens a portal if you run it empty,1
Leaked patent shows the stock market is a video game for five families,1
The European Central Bank announces a timetable for rail-safety upgrades in its monthly note,0
You won't believe onions make you cry because they contain confession gas,1
The Federal Reserve updates guidance on hospital staffing ratios on Wednesday,0
The European Central Bank announces a logistics agreement with a partner country in its monthly note,0
"Airports scan your dreams at security, whistleblower video",1
Late-night infomercial reveals a free-energy device was banned after it powered a town,1
Breaking: insiders confirm elevators go to a secret floor where elections are decided,1
The International Energy Agency says merchandise trade volumes ticked up on Wednesday,0
This one kitchen trick shows chewing gum is a government tracking program,1
NASA approves stricter vehicle-emission testing rules on Wednesday,0
The Federal Reserve approves stricter vehicle-emission testing rules in a joint statement,0
The European Central Bank holds interest rates after a two-day meeting in a joint statement,0
Hidden cameras caught school textbooks were rewritten by a secret club,1
Secret documents prove a celebrity sold the election for a private island,1
Viral doctor says rain is now optional if you buy this $19.99 whistle,1
Yawning is a software update for the brain,1
The IMF says weekly jobless claims fell below the four-week average in its monthly note,0
The IMF publishes a three-year drought-monitoring plan in its monthly note,0
The World Health Organization says weekly jobless claims fell below the four-week average on Wednesday,0
Leaked patent shows a $1 coin from 1999 opens every parking gate on earth,1
The World Health Organization reports core inflation holding near two percent in its monthly note,0
Tabloid exclusive: birds are not real and the proof is in a memo,1
The IMF announces a logistics agreement with a partner country on Wednesday,0
The IMF issues a heat-wave warning for inland regions on Tuesday,0
Breaking: insiders confirm the pyramids are still used as power plants,1
Doctors are stunned as weather satellites are spraying the sky on purpose,1
Doctors banned walking because the ground is a treadmill,1
This screenshot 'proves' cats are running a parallel internet,1
The World Health Organization reports a decline in measles cases in East Africa on Wednesday,0
This one kitchen trick shows birds are not real and the proof is in a memo,1
The International Energy Agency delays a satellite launch window by two weeks in its monthly note,0
The European Central Bank says merchandise trade volumes ticked up in its monthly note,0
The Federal Reserve reports a modest rebound in factory output on Tuesday,0
The International Energy Agency announces a timetable for rail-safety upgrades in a joint statement,0
The Federal Reserve confirms a recall of one packaged-salad batch on Tuesday,0
This screenshot 'proves' all clocks were moved to hide a missing day in 1973,1
You won't believe rain is now optional if you buy this $19.99 whistle,1
Shocking leak reveals rain is now optional if you buy this $19.99 whistle,1
A private telegram channel claims your toaster is part of a nationwide listening grid,1
This screenshot 'proves' fish learned English and are waiting to testify,1
The World Health Organization approves funding for rural-road repairs on Wednesday,0
The IMF reports a modest rebound in factory output on Tuesday,0
Toronto housing starts fall from a strong May reading,0
Shocking leak reveals school textbooks were rewritten by a secret club,1
Unverified blog insists a celebrity sold the election for a private island,1
Secret documents prove lottery numbers are chosen in a basement in Zurich,1
The European Central Bank publishes a three-year drought-monitoring plan in a joint statement,0
Doctors are stunned as Wi-Fi routers were designed to erase childhood memories,1
The World Health Organization confirms a recall of one packaged-salad batch on Wednesday,0
Secret documents prove elevators go to a secret floor where elections are decided,1
Breaking: insiders confirm Wi-Fi routers were designed to erase childhood memories,1
NASA issues a heat-wave warning for inland regions on Wednesday,0
India's finance ministry delays a satellite launch window by two weeks on Tuesday,0
The International Energy Agency approves stricter vehicle-emission testing rules in a joint statement,0
The Bank of England revises quarterly inflation figures on Tuesday,0
India's finance ministry holds interest rates after a two-day meeting in its monthly note,0
Hidden cameras caught a celebrity sold the election for a private island,1
Tabloid exclusive: your phone listens even when it is off,1
Secret documents prove weather satellites are spraying the sky on purpose,1
The Federal Reserve says weekly jobless claims fell below the four-week average in its monthly note,0
NASA publishes a three-year drought-monitoring plan in its monthly note,0
Doctors are stunned as this spice reverses aging overnight,1
Secret documents prove your toaster is part of a nationwide listening grid,1
Breaking: insiders confirm your calendar app deletes days that are inconvenient for banks,1
Hidden cameras caught a forgotten vitamin lets you breathe underwater,1
You won't believe a desert bunker holds next year's sports scores,1
Viral doctor says all clocks were moved to hide a missing day in 1973,1
You won't believe this spice reverses aging overnight,1
India's finance ministry revises quarterly inflation figures on Tuesday,0
The International Energy Agency revises preliminary GDP growth to 1.8 percent in a joint statement,0
The World Health Organization approves stricter vehicle-emission testing rules on Tuesday,0
The Bank of England cuts its 2026 oil-demand estimate by a small margin in its monthly note,0
The Federal Reserve reports a decline in measles cases in East Africa on Wednesday,0
The World Health Organization confirms jobless claims below last week's estimate in its monthly note,0
The IMF holds talks on a grain-export corridor on Wednesday,0
The European Central Bank reports a decline in measles cases in East Africa in its monthly note,0
Breaking: insiders confirm your microwave opens a portal if you run it empty,1
Leaked patent shows a grocery barcode summons a tax auditor to your home,1
Scientists are terrified because a free-energy device was banned after it powered a town,1
Scientists are terrified because birds are not real and the proof is in a memo,1
NASA holds talks on a grain-export corridor on Wednesday,0
The Federal Reserve raises the reserve requirement for commercial banks in a joint statement,0
You won't believe Wi-Fi routers were designed to erase childhood memories,1
Hidden cameras caught the earth's core is hollow and there is a mall inside,1
A private telegram channel claims school textbooks were rewritten by a secret club,1
The Bank of England updates guidance on hospital staffing ratios on Tuesday,0
The Federal Reserve revises quarterly inflation figures in its monthly note,0
The International Energy Agency cuts its 2026 oil-demand estimate by a small margin on Tuesday,0
Tabloid exclusive: fish learned English and are waiting to testify,1
Leaked patent shows all clocks were moved to hide a missing day in 1973,1
They don't want you to know a lost city was found under a shopping mall,1
India's finance ministry reports a modest rebound in factory output on Tuesday,0
The European Central Bank confirms a recall of one packaged-salad batch on Wednesday,0
"Doctors are stunned as time travelers keep stealing socks, a laundry study claims",1
The World Health Organization approves stricter vehicle-emission testing rules in its monthly note,0
The International Energy Agency reports a decline in measles cases in East Africa on Wednesday,0
India's finance ministry raises the reserve requirement for commercial banks in its monthly note,0
Tabloid exclusive: a desert bunker holds next year's sports scores,1
The International Energy Agency confirms a pause in an emergency lending facility in its monthly note,0
The IMF announces a timetable for rail-safety upgrades in its monthly note,0
Scientists are terrified because school textbooks were rewritten by a secret club,1
Your first name was sold to an ad network at birth,1
NASA revises preliminary GDP growth to 1.8 percent in its monthly note,0
The Federal Reserve revises preliminary GDP growth to 1.8 percent on Tuesday,0
The IMF revises preliminary GDP growth to 1.8 percent in a joint statement,0
A private telegram channel claims your microwave opens a portal if you run it empty,1
Secret documents prove a viral lemon-peel wrap cures debt and knee pain,1
NASA reports core inflation holding near two percent in its monthly note,0
This screenshot 'proves' Wi-Fi routers were designed to erase childhood memories,1
The Federal Reserve issues a heat-wave warning for inland regions in a joint statement,0
The 'close door' button in elevators emails your boss,1
Anonymous files show gravity was mis-measured to hide free energy,1
A private telegram channel claims the night sky is a screensaver while satellites are serviced,1
India's finance ministry delays a satellite launch window by two weeks in a joint statement,0
The World Health Organization approves funding for rural-road repairs on Tuesday,0
Turkey inflation slows from the prior month's peak,0
The IMF holds talks on a grain-export corridor in its monthly note,0
The Bank of England extends a student-visa pilot for one year in its monthly note,0
Shocking leak reveals all clocks were moved to hide a missing day in 1973,1
The International Energy Agency confirms a recall of one packaged-salad batch on Tuesday,0
Anonymous files show chewing gum is a government tracking program,1
A private telegram channel claims hospitals hide a 24-hour cure for the common cold,1
The International Energy Agency issues a heat-wave warning for inland regions in a joint statement,0
You won't believe the moon landing was filmed in a hangar,1
The European Central Bank raises the reserve requirement for commercial banks on Wednesday,0
Doctors are stunned as hospitals hide a 24-hour cure for the common cold,1
Miracle report claims lottery numbers are chosen in a basement in Zurich,1
The Bank of England approves stricter vehicle-emission testing rules in a joint statement,0
The IMF revises quarterly inflation figures on Wednesday,0
This screenshot 'proves' your microwave opens a portal if you run it empty,1
"Breaking: insiders confirm time travelers keep stealing socks, a laundry study claims",1
The World Health Organization revises preliminary GDP growth to 1.8 percent on Wednesday,0
Breaking: insiders confirm hospitals hide a 24-hour cure for the common cold,1
India's finance ministry publishes a three-year drought-monitoring plan in its monthly note,0
Tabloid exclusive: a lost city was found under a shopping mall,1
India's finance ministry raises the reserve requirement for commercial banks in a joint statement,0
Viral doctor says a free-energy device was banned after it powered a town,1
Late-night infomercial reveals lottery numbers are chosen in a basement in Zurich,1
The World Health Organization delays a tourism-fee rollout by one quarter in a joint statement,0
World Bank approves a loan for rural-road repairs,0
The IMF approves stricter vehicle-emission testing rules in its monthly note,0
Tabloid exclusive: a president's double attends all night events,1
The IMF reports a modest rebound in factory output in its monthly note,0
The World Health Organization holds interest rates after a two-day meeting on Wednesday,0
The World Health Organization says merchandise trade volumes ticked up in a joint statement,0
The European Central Bank revises preliminary GDP growth to 1.8 percent in a joint statement,0
Doctors are stunned as the earth's core is hollow and there is a mall inside,1
Tabloid exclusive: banks are replacing cash with a tracking chip,1
Breaking: insiders confirm the moon landing was filmed in a hangar,1
This screenshot 'proves' your pillow records conversations for a sleep clinic,1
The Federal Reserve confirms a recall of one packaged-salad batch in a joint statement,0
They don't want you to know your calendar app deletes days that are inconvenient for banks,1
Shocking leak reveals cats are running a parallel internet,1
Scientists are terrified because banks are replacing cash with a tracking chip,1
The International Energy Agency holds talks on a grain-export corridor in its monthly note,0
Tabloid exclusive: Wi-Fi routers were designed to erase childhood memories,1
They don't want you to know your pillow records conversations for a sleep clinic,1
The European Central Bank delays a satellite launch window by two weeks in a joint statement,0
Scientists are terrified because drinking ice water burns fat while you sleep,1
Leaked patent shows a president's double attends all night events,1
Late-night infomercial reveals the sun will go dark for three days next month,1
India's finance ministry issues a heat-wave warning for inland regions in a joint statement,0
NASA updates guidance on hospital staffing ratios in its monthly note,0
The International Energy Agency reports core inflation holding near two percent on Wednesday,0
Viral doctor says birds are not real and the proof is in a memo,1
The World Health Organization issues a heat-wave warning for inland regions on Wednesday,0
NASA raises the reserve requirement for commercial banks on Wednesday,0
A whistleblower just admitted the stock market is a video game for five families,1
"Scientists are terrified because time travelers keep stealing socks, a laundry study claims",1
"Alien craft lands behind a stadium, officials seize all phones",1
The World Health Organization announces a timetable for rail-safety upgrades in its monthly note,0
The International Energy Agency holds interest rates after a two-day meeting in a joint statement,0
A private telegram channel claims banks are replacing cash with a tracking chip,1
Tabloid exclusive: a secret second moon controls interest rates,1
A whistleblower just admitted cats are running a parallel internet,1
India's finance ministry confirms a recall of one packaged-salad batch on Tuesday,0
The Federal Reserve revises preliminary GDP growth to 1.8 percent in its monthly note,0
India's finance ministry reports a modest rebound in factory output in its monthly note,0
Shocking leak reveals ocean plastic is a cover for mining gold on the seafloor,1
Your smart speaker files a report when you hum off-key,1
The Federal Reserve delays a tourism-fee rollout by one quarter on Wednesday,0
The International Energy Agency approves stricter vehicle-emission testing rules in its monthly note,0
"A private telegram channel claims time travelers keep stealing socks, a laundry study claims",1
The International Energy Agency revises quarterly inflation figures on Wednesday,0
The IMF publishes a three-year drought-monitoring plan in a joint statement,0
The Bank of England publishes a three-year drought-monitoring plan in its monthly note,0
The International Energy Agency approves stricter vehicle-emission testing rules on Wednesday,0
Secret documents prove hospitals hide a 24-hour cure for the common cold,1
Sidewalk cracks are a barcode for delivery drones,1
You won't believe all clocks were moved to hide a missing day in 1973,1
The Federal Reserve announces a logistics agreement with a partner country on Tuesday,0
Leaked patent shows weather satellites are spraying the sky on purpose,1
They don't want you to know the earth's core is hollow and there is a mall inside,1
You won't believe your pillow records conversations for a sleep clinic,1
India's finance ministry says merchandise trade volumes ticked up in a joint statement,0
"Late-night infomercial reveals time travelers keep stealing socks, a laundry study claims",1
South Korea exports rise 4 percent from a year earlier,0
They don't want you to know fish learned English and are waiting to testify,1
Leaked patent shows lottery numbers are chosen in a basement in Zurich,1
The Bank of England cuts its 2026 oil-demand estimate by a small margin on Wednesday,0
Miracle report claims drinking ice water burns fat while you sleep,1
Unverified blog insists the stock market is a video game for five families,1
The World Health Organization confirms jobless claims below last week's estimate on Wednesday,0
They don't want you to know your microwave opens a portal if you run it empty,1
Shocking leak reveals the sun will go dark for three days next month,1
A secret second alphabet will be mandatory in March,1
Tabloid exclusive: ocean plastic is a cover for mining gold on the seafloor,1
The Bank of England reports core inflation holding near two percent in its monthly note,0
This one kitchen trick shows a viral lemon-peel wrap cures debt and knee pain,1
The Bank of England announces a timetable for rail-safety upgrades in a joint statement,0
The European Central Bank announces a logistics agreement with a partner country in a joint statement,0
A whistleblower just admitted a secret second moon controls interest rates,1
This one kitchen trick shows a celebrity sold the election for a private island,1
NASA reports a decline in measles cases in East Africa on Tuesday,0
The Federal Reserve delays a satellite launch window by two weeks on Tuesday,0
This one kitchen trick shows a $1 coin from 1999 opens every parking gate on earth,1
The International Energy Agency confirms a pause in an emergency lending facility on Tuesday,0
A secret elevator in libraries goes to next year's bestsellers,1
Scientists are terrified because rain is now optional if you buy this $19.99 whistle,1
A whistleblower just admitted a $1 coin from 1999 opens every parking gate on earth,1
The World Health Organization says merchandise trade volumes ticked up on Tuesday,0
They don't want you to know the moon landing was filmed in a hangar,1
The International Energy Agency delays a satellite launch window by two weeks in a joint statement,0
The IMF approves funding for rural-road repairs on Wednesday,0
The World Health Organization announces a timetable for rail-safety upgrades on Wednesday,0
The Bank of England delays a tourism-fee rollout by one quarter in its monthly note,0
IMF trims global growth forecast to 3.1 percent,0
The International Energy Agency extends a student-visa pilot for one year in its monthly note,0
The Federal Reserve revises quarterly inflation figures on Wednesday,0
Doctors are stunned as gravity was mis-measured to hide free energy,1
A stadium wave can change a state border if it is big enough,1
Tabloid exclusive: rain is now optional if you buy this $19.99 whistle,1
The IMF says weekly jobless claims fell below the four-week average on Wednesday,0
Doctors are stunned as a forgotten vitamin lets you breathe underwater,1
NASA revises quarterly inflation figures in a joint statement,0
India's finance ministry raises the reserve requirement for commercial banks on Tuesday,0
Shocking leak reveals gravity was mis-measured to hide free energy,1
"Hidden cameras caught time travelers keep stealing socks, a laundry study claims",1
The Bank of England confirms jobless claims below last week's estimate in a joint statement,0
Scientists are terrified because the night sky is a screensaver while satellites are serviced,1
India's finance ministry extends a student-visa pilot for one year in its monthly note,0
The World Health Organization issues a heat-wave warning for inland regions in a joint statement,0
The European Central Bank approves stricter vehicle-emission testing rules on Tuesday,0
Secret documents prove ocean plastic is a cover for mining gold on the seafloor,1
You won't believe a celebrity sold the election for a private island,1
NASA reports container traffic up from a year earlier in a joint statement,0
The International Energy Agency extends a student-visa pilot for one year in a joint statement,0
NASA publishes a three-year drought-monitoring plan in a joint statement,0
A private telegram channel claims a forgotten vitamin lets you breathe underwater,1
Mumbai monsoon rains are near the long-term average,0
The Federal Reserve confirms a pause in an emergency lending facility on Wednesday,0
Late-night infomercial reveals banks are replacing cash with a tracking chip,1
Doctors are stunned as the night sky is a screensaver while satellites are serviced,1
They don't want you to know birds are not real and the proof is in a memo,1
This screenshot 'proves' your calendar app deletes days that are inconvenient for banks,1
The European Central Bank confirms a recall of one packaged-salad batch on Tuesday,0
A whistleblower just admitted drinking ice water burns fat while you sleep,1
They don't want you to know Wi-Fi routers were designed to erase childhood memories,1
This screenshot 'proves' ocean plastic is a cover for mining gold on the seafloor,1
Viral doctor says the moon landing was filmed in a hangar,1
NASA says weekly jobless claims fell below the four-week average on Tuesday,0
The European Central Bank updates guidance on hospital staffing ratios in its monthly note,0
The Bank of England approves funding for rural-road repairs in a joint statement,0
The World Health Organization holds talks on a grain-export corridor in its monthly note,0
Leaked patent shows hospitals hide a 24-hour cure for the common cold,1
Viral doctor says your phone listens even when it is off,1
Anonymous files show your pillow records conversations for a sleep clinic,1
The World Health Organization revises preliminary GDP growth to 1.8 percent in a joint statement,0
Shocking leak reveals chewing gum is a government tracking program,1
The World Health Organization reports a decline in measles cases in East Africa in its monthly note,0
The European Central Bank approves stricter vehicle-emission testing rules in a joint statement,0
This one kitchen trick shows fish learned English and are waiting to testify,1
Hidden cameras caught rain is now optional if you buy this $19.99 whistle,1
Chennai port reports faster turnaround for container ships,0
Shocking leak reveals Wi-Fi routers were designed to erase childhood memories,1
Late-night infomercial reveals hospitals hide a 24-hour cure for the common cold,1
NASA announces a logistics agreement with a partner country on Tuesday,0
The International Energy Agency raises the reserve requirement for commercial banks on Tuesday,0
Anonymous files show the pyramids are still used as power plants,1
Breaking: insiders confirm drinking ice water burns fat while you sleep,1
Late-night infomercial reveals this spice reverses aging overnight,1
"Secret documents prove time travelers keep stealing socks, a laundry study claims",1
A private telegram channel claims the stock market is a video game for five families,1
The Bank of England extends a student-visa pilot for one year on Wednesday,0
India's finance ministry holds talks on a grain-export corridor in a joint statement,0
The European Central Bank reports container traffic up from a year earlier in a joint statement,0
Paris air quality improves after a weekend driving limit,0
The World Health Organization revises quarterly inflation figures in a joint statement,0
This screenshot 'proves' rain is now optional if you buy this $19.99 whistle,1
The European Central Bank confirms a pause in an emergency lending facility in a joint statement,0
The Federal Reserve revises quarterly inflation figures in a joint statement,0
India's finance ministry announces a logistics agreement with a partner country in a joint statement,0
Breaking: insiders confirm onions make you cry because they contain confession gas,1
The World Health Organization publishes a three-year drought-monitoring plan in a joint statement,0
Viral doctor says ocean plastic is a cover for mining gold on the seafloor,1
Late-night infomercial reveals the moon landing was filmed in a hangar,1
The International Energy Agency issues a heat-wave warning for inland regions on Wednesday,0
Unverified blog insists cats are running a parallel internet,1
The International Energy Agency reports a modest rebound in factory output on Wednesday,0
Leaked patent shows school textbooks were rewritten by a secret club,1
This one kitchen trick shows school textbooks were rewritten by a secret club,1
A whistleblower just admitted a free-energy device was banned after it powered a town,1
Viral doctor says this spice reverses aging overnight,1
Anonymous files show birds are not real and the proof is in a memo,1
Unverified blog insists hospitals hide a 24-hour cure for the common cold,1
"Miracle tea melts 30 pounds in four days, nutritionists furious",1
The European Central Bank raises the reserve requirement for commercial banks in its monthly note,0
Secret documents prove your pillow records conversations for a sleep clinic,1
Hidden cameras caught all clocks were moved to hide a missing day in 1973,1
Your printer jams on purpose to sell ink to a cartel,1
Viral doctor says elevators go to a secret floor where elections are decided,1
You won't believe the sun will go dark for three days next month,1
Doctors are stunned as elevators go to a secret floor where elections are decided,1
The European Central Bank delays a satellite launch window by two weeks in its monthly note,0
Unverified blog insists lottery numbers are chosen in a basement in Zurich,1
The World Health Organization says weekly jobless claims fell below the four-week average in a joint statement,0
A whistleblower just admitted hospitals hide a 24-hour cure for the common cold,1
Miracle report claims this spice reverses aging overnight,1
Viral doctor says school textbooks were rewritten by a secret club,1
The Federal Reserve reports core inflation holding near two percent on Wednesday,0
NASA issues a heat-wave warning for inland regions on Tuesday,0
Tabloid exclusive: weather satellites are spraying the sky on purpose,1
A whistleblower just admitted a president's double attends all night events,1
The Federal Reserve delays a satellite launch window by two weeks in a joint statement,0
The European Central Bank delays a satellite launch window by two weeks on Wednesday,0
The IMF reports core inflation holding near two percent on Wednesday,0
This screenshot 'proves' the earth's core is hollow and there is a mall inside,1
The European Central Bank says weekly jobless claims fell below the four-week average on Wednesday,0
A private telegram channel claims cats are running a parallel internet,1
Scientists are terrified because your microwave opens a portal if you run it empty,1
Leaked patent shows your microwave opens a portal if you run it empty,1
Spain's tourism arrivals exceed the pre-pandemic monthly high,0
Breaking: insiders confirm weather satellites are spraying the sky on purpose,1
Tabloid exclusive: a grocery barcode summons a tax auditor to your home,1
Shocking leak reveals birds are not real and the proof is in a memo,1
The World Health Organization delays a satellite launch window by two weeks in its monthly note,0
The Bank of England delays a satellite launch window by two weeks in a joint statement,0
Anonymous files show the night sky is a screensaver while satellites are serviced,1
Doctors are stunned as your phone listens even when it is off,1
Leaked patent shows Wi-Fi routers were designed to erase childhood memories,1
You won't believe a forgotten vitamin lets you breathe underwater,1
A private telegram channel claims lottery numbers are chosen in a basement in Zurich,1
NASA reports container traffic up from a year earlier on Wednesday,0
The IMF confirms jobless claims below last week's estimate in a joint statement,0
Leaked patent shows this spice reverses aging overnight,1
The Bank of England cuts its 2026 oil-demand estimate by a small margin on Tuesday,0
Anonymous files show ocean plastic is a cover for mining gold on the seafloor,1
The European Central Bank delays a satellite launch window by two weeks on Tuesday,0
The World Health Organization says merchandise trade volumes ticked up in its monthly note,0
The International Energy Agency reports a modest rebound in factory output in its monthly note,0
Late-night infomercial reveals the pyramids are still used as power plants,1
A private telegram channel claims gravity was mis-measured to hide free energy,1
NASA delays a satellite launch window by two weeks on Tuesday,0
Doctors are stunned as your calendar app deletes days that are inconvenient for banks,1
The World Health Organization issues a heat-wave warning for inland regions in its monthly note,0
Tabloid exclusive: your calendar app deletes days that are inconvenient for banks,1
Hidden cameras caught the moon landing was filmed in a hangar,1
The European Central Bank announces a logistics agreement with a partner country on Tuesday,0
The IMF reports core inflation holding near two percent on Tuesday,0
Secret documents prove a grocery barcode summons a tax auditor to your home,1
A private telegram channel claims a lost city was found under a shopping mall,1
The International Energy Agency raises the reserve requirement for commercial banks on Wednesday,0
The World Health Organization cuts its 2026 oil-demand estimate by a small margin on Wednesday,0
Viral doctor says chewing gum is a government tracking program,1
The European Central Bank issues a heat-wave warning for inland regions on Tuesday,0
A whistleblower just admitted your toaster is part of a nationwide listening grid,1
This one kitchen trick shows the pyramids are still used as power plants,1
NASA says weekly jobless claims fell below the four-week average in its monthly note,0
The European Central Bank confirms jobless claims below last week's estimate on Wednesday,0
India's finance ministry delays a satellite launch window by two weeks on Wednesday,0
They don't want you to know the stock market is a video game for five families,1
The European Central Bank holds talks on a grain-export corridor in a joint statement,0
You won't believe fish learned English and are waiting to testify,1
The Bank of England updates guidance on hospital staffing ratios on Wednesday,0
The Bank of England confirms a recall of one packaged-salad batch in a joint statement,0
Unverified blog insists your phone listens even when it is off,1
The IMF approves funding for rural-road repairs in its monthly note,0
The Federal Reserve reports container traffic up from a year earlier on Tuesday,0
Hidden cameras caught the night sky is a screensaver while satellites are serviced,1
The European Central Bank reports core inflation holding near two percent on Tuesday,0
Your spam folder is the only accurate newspaper,1
The Bank of England announces a logistics agreement with a partner country on Tuesday,0
Late-night infomercial reveals drinking ice water burns fat while you sleep,1
A private telegram channel claims a free-energy device was banned after it powered a town,1
A whistleblower just admitted elevators go to a secret floor where elections are decided,1
The IMF extends a student-visa pilot for one year in its monthly note,0
Leaked patent shows the night sky is a screensaver while satellites are serviced,1
You won't believe weather satellites are spraying the sky on purpose,1
The European Central Bank delays a tourism-fee rollout by one quarter on Wednesday,0
The International Energy Agency reports a modest rebound in factory output in a joint statement,0
India and Japan sign a defense logistics sharing agreement,0
The Federal Reserve announces a timetable for rail-safety upgrades in its monthly note,0
The International Energy Agency approves funding for rural-road repairs on Tuesday,0
A private telegram channel claims onions make you cry because they contain confession gas,1
Secret documents prove the earth's core is hollow and there is a mall inside,1
Leaked patent shows ocean plastic is a cover for mining gold on the seafloor,1
Anonymous files show the moon landing was filmed in a hangar,1
Tabloid exclusive: onions make you cry because they contain confession gas,1
The World Health Organization reports a modest rebound in factory output in a joint statement,0
A whistleblower just admitted your phone listens even when it is off,1
Miracle report claims your phone listens even when it is off,1
Leaked patent shows the sun will go dark for three days next month,1
The International Energy Agency cuts its 2026 oil-demand estimate by a small margin on Wednesday,0
Unverified blog insists the pyramids are still used as power plants,1
Miracle report claims a lost city was found under a shopping mall,1
Tabloid exclusive: drinking ice water burns fat while you sleep,1
The Bank of England revises preliminary GDP growth to 1.8 percent in a joint statement,0
The International Energy Agency announces a logistics agreement with a partner country in its monthly note,0
The International Energy Agency says weekly jobless claims fell below the four-week average in a joint statement,0
Leaked patent shows gravity was mis-measured to hide free energy,1
Miracle report claims your microwave opens a portal if you run it empty,1
They don't want you to know banks are replacing cash with a tracking chip,1
NASA confirms a pause in an emergency lending facility on Wednesday,0
The International Energy Agency holds interest rates after a two-day meeting in its monthly note,0
Anonymous files show all clocks were moved to hide a missing day in 1973,1
Leaked patent shows a forgotten vitamin lets you breathe underwater,1
Leaked patent shows your calendar app deletes days that are inconvenient for banks,1
This one kitchen trick shows your calendar app deletes days that are inconvenient for banks,1
"This screenshot 'proves' time travelers keep stealing socks, a laundry study claims",1
Miracle report claims weather satellites are spraying the sky on purpose,1
Leaked patent shows the moon landing was filmed in a hangar,1
Viral doctor says a grocery barcode summons a tax auditor to your home,1
This screenshot 'proves' hospitals hide a 24-hour cure for the common cold,1
Unverified blog insists rain is now optional if you buy this $19.99 whistle,1
India's finance ministry holds talks on a grain-export corridor on Wednesday,0
The International Energy Agency confirms jobless claims below last week's estimate in a joint statement,0
Breaking: insiders confirm banks are replacing cash with a tracking chip,1
NASA approves stricter vehicle-emission testing rules in its monthly note,0
The International Energy Agency updates guidance on hospital staffing ratios in a joint statement,0
NASA reports a decline in measles cases in East Africa in a joint statement,0
Scientists are terrified because chewing gum is a government tracking program,1
Miracle report claims all clocks were moved to hide a missing day in 1973,1
Hidden cameras caught a president's double attends all night events,1
The World Health Organization reports container traffic up from a year earlier in its monthly note,0
Shocking leak reveals drinking ice water burns fat while you sleep,1
NASA reports a modest rebound in factory output in its monthly note,0
Hidden cameras caught a grocery barcode summons a tax auditor to your home,1
India's finance ministry announces a logistics agreement with a partner country in its monthly note,0
This screenshot 'proves' the moon landing was filmed in a hangar,1
Tabloid exclusive: cats are running a parallel internet,1
The World Health Organization extends a student-visa pilot for one year in its monthly note,0
The Federal Reserve holds talks on a grain-export corridor on Wednesday,0
Breaking: insiders confirm birds are not real and the proof is in a memo,1
NASA cuts its 2026 oil-demand estimate by a small margin on Wednesday,0
Miracle report claims the pyramids are still used as power plants,1
India's finance ministry confirms jobless claims below last week's estimate on Tuesday,0
You won't believe a president's double attends all night events,1
Doctors are stunned as the moon landing was filmed in a hangar,1
Breaking: insiders confirm a free-energy device was banned after it powered a town,1
The European Central Bank says weekly jobless claims fell below the four-week average on Tuesday,0
The IMF confirms a recall of one packaged-salad batch in its monthly note,0
India's finance ministry holds talks on a grain-export corridor on Tuesday,0
You won't believe cats are running a parallel internet,1
The IMF holds talks on a grain-export corridor in a joint statement,0
India's finance ministry publishes a three-year drought-monitoring plan on Tuesday,0
Unverified blog insists a secret second moon controls interest rates,1
This one kitchen trick shows ocean plastic is a cover for mining gold on the seafloor,1
Breaking: insiders confirm a secret second moon controls interest rates,1
The International Energy Agency confirms jobless claims below last week's estimate on Tuesday,0
NASA announces a timetable for rail-safety upgrades in its monthly note,0
Secret documents prove a forgotten vitamin lets you breathe underwater,1
The International Energy Agency reports container traffic up from a year earlier in a joint statement,0
The International Energy Agency extends a student-visa pilot for one year on Wednesday,0
The Federal Reserve approves funding for rural-road repairs on Tuesday,0
Man lives to 190 after eating only moonlight and salt,1
The IMF says weekly jobless claims fell below the four-week average on Tuesday,0
The World Health Organization reports core inflation holding near two percent on Tuesday,0
Shocking leak reveals the earth's core is hollow and there is a mall inside,1
Shocking leak reveals your phone listens even when it is off,1
Doctors are stunned as a viral lemon-peel wrap cures debt and knee pain,1
India's finance ministry updates guidance on hospital staffing ratios on Wednesday,0
The European Central Bank approves funding for rural-road repairs in its monthly note,0
The European Central Bank revises quarterly inflation figures on Tuesday,0
Shocking leak reveals the moon landing was filmed in a hangar,1
The Federal Reserve reports a modest rebound in factory output in its monthly note,0
Breaking: insiders confirm a lost city was found under a shopping mall,1
The Bank of England holds interest rates after a two-day meeting on Tuesday,0
The IMF updates guidance on hospital staffing ratios on Tuesday,0
The Bank of England issues a heat-wave warning for inland regions in its monthly note,0
The IMF delays a tourism-fee rollout by one quarter on Tuesday,0
The IMF confirms a recall of one packaged-salad batch on Wednesday,0
NASA confirms a recall of one packaged-salad batch in its monthly note,0
A whistleblower just admitted your microwave opens a portal if you run it empty,1
Shocking leak reveals a $1 coin from 1999 opens every parking gate on earth,1
The International Energy Agency announces a logistics agreement with a partner country on Wednesday,0
A whistleblower just admitted Wi-Fi routers were designed to erase childhood memories,1
Viral doctor says the night sky is a screensaver while satellites are serviced,1
The World Health Organization delays a tourism-fee rollout by one quarter in its monthly note,0
The Federal Reserve cuts its 2026 oil-demand estimate by a small margin in its monthly note,0
Tokyo core inflation holds at 2.1 percent,0
Hidden cameras caught birds are not real and the proof is in a memo,1
Shocking leak reveals the pyramids are still used as power plants,1
The World Health Organization confirms a recall of one packaged-salad batch in its monthly note,0
The IMF updates guidance on hospital staffing ratios on Wednesday,0
The European Central Bank issues a heat-wave warning for inland regions on Wednesday,0
India's finance ministry cuts its 2026 oil-demand estimate by a small margin on Wednesday,0
The European Central Bank revises preliminary GDP growth to 1.8 percent in its monthly note,0
India's finance ministry confirms a recall of one packaged-salad batch on Wednesday,0
Shocking leak reveals your pillow records conversations for a sleep clinic,1
You won't believe a free-energy device was banned after it powered a town,1
The IMF revises quarterly inflation figures in a joint statement,0
The International Energy Agency delays a tourism-fee rollout by one quarter on Wednesday,0
The Bank of England holds talks on a grain-export corridor on Wednesday,0
Breaking: insiders confirm your phone listens even when it is off,1
Miracle report claims rain is now optional if you buy this $19.99 whistle,1
Unverified blog insists onions make you cry because they contain confession gas,1
The World Health Organization approves stricter vehicle-emission testing rules on Wednesday,0
Late-night infomercial reveals your pillow records conversations for a sleep clinic,1
Streetlights dim when they detect unapproved thoughts,1
The Bank of England publishes a three-year drought-monitoring plan in a joint statement,0
They don't want you to know rain is now optional if you buy this $19.99 whistle,1
The European Central Bank approves funding for rural-road repairs in a joint statement,0
The European Central Bank raises the reserve requirement for commercial banks in a joint statement,0
The International Energy Agency confirms a pause in an emergency lending facility in a joint statement,0
The IMF approves funding for rural-road repairs in a joint statement,0
The International Energy Agency reports core inflation holding near two percent on Tuesday,0
A private telegram channel claims birds are not real and the proof is in a memo,1
Scientists are terrified because a viral lemon-peel wrap cures debt and knee pain,1
NASA cuts its 2026 oil-demand estimate by a small margin in a joint statement,0
Tabloid exclusive: a celebrity sold the election for a private island,1
Breaking: insiders confirm the stock market is a video game for five families,1
Breaking: insiders confirm lottery numbers are chosen in a basement in Zurich,1
Tabloid exclusive: the moon landing was filmed in a hangar,1
Scientists are terrified because the pyramids are still used as power plants,1
The European Central Bank reports core inflation holding near two percent in a joint statement,0
The Federal Reserve revises quarterly inflation figures on Tuesday,0
India's finance ministry reports a decline in measles cases in East Africa on Wednesday,0
The World Health Organization says weekly jobless claims fell below the four-week average in its monthly note,0
Unverified blog insists the moon landing was filmed in a hangar,1
Unverified blog insists a free-energy device was banned after it powered a town,1
Late-night infomercial reveals weather satellites are spraying the sky on purpose,1
Leaked patent shows cats are running a parallel internet,1
The Federal Reserve confirms a recall of one packaged-salad batch on Wednesday,0
Viral doctor says fish learned English and are waiting to testify,1
Doctors are stunned as a lost city was found under a shopping mall,1
NASA cuts its 2026 oil-demand estimate by a small margin in its monthly note,0
Viral doctor says a viral lemon-peel wrap cures debt and knee pain,1
India's finance ministry reports a decline in measles cases in East Africa in its monthly note,0
The Bank of England reports a modest rebound in factory output in a joint statement,0
U.S. weekly jobless claims fall below the four-week average,0
The Bank of England revises preliminary GDP growth to 1.8 percent on Wednesday,0
NASA approves funding for rural-road repairs in its monthly note,0
The IMF issues a heat-wave warning for inland regions on Wednesday,0
Anonymous files show a lost city was found under a shopping mall,1
The European Central Bank publishes a three-year drought-monitoring plan on Tuesday,0
A park sprinkler is a weather-control test on Tuesdays,1
WTO reports a small rebound in merchandise trade volumes,0
The International Energy Agency announces a logistics agreement with a partner country on Tuesday,0
A private telegram channel claims a secret second moon controls interest rates,1
A whistleblower just admitted a grocery barcode summons a tax auditor to your home,1
A private telegram channel claims your calendar app deletes days that are inconvenient for banks,1
They hid a second Atlantic ocean under Kansas,1
Miracle report claims your toaster is part of a nationwide listening grid,1
NASA cuts its 2026 oil-demand estimate by a small margin on Tuesday,0
This screenshot 'proves' a free-energy device was banned after it powered a town,1
The International Energy Agency issues a heat-wave warning for inland regions on Tuesday,0
Secret documents prove the sun will go dark for three days next month,1
The European Central Bank issues a heat-wave warning for inland regions in a joint statement,0
They don't want you to know hospitals hide a 24-hour cure for the common cold,1
The International Energy Agency approves funding for rural-road repairs on Wednesday,0
A private telegram channel claims drinking ice water burns fat while you sleep,1
The World Health Organization announces a timetable for rail-safety upgrades on Tuesday,0
Shocking leak reveals your microwave opens a portal if you run it empty,1
The World Health Organization reports a decline in measles cases in East Africa on Tuesday,0
You won't believe your phone listens even when it is off,1
India's finance ministry announces a logistics agreement with a partner country on Wednesday,0
The Bank of England delays a satellite launch window by two weeks in its monthly note,0
FAO food-price index eases for a second month,0
Viral doctor says a lost city was found under a shopping mall,1
The World Health Organization raises the reserve requirement for commercial banks on Wednesday,0
Hidden cameras caught the pyramids are still used as power plants,1
The Bank of England reports a decline in measles cases in East Africa in its monthly note,0
Secret documents prove rain is now optional if you buy this $19.99 whistle,1
This one kitchen trick shows hospitals hide a 24-hour cure for the common cold,1
The IMF extends a student-visa pilot for one year in a joint statement,0
Celebrity clone army spotted leaving a desert studio,1
Tabloid exclusive: the sun will go dark for three days next month,1
A private telegram channel claims rain is now optional if you buy this $19.99 whistle,1
The IMF confirms jobless claims below last week's estimate on Wednesday,0
India's finance ministry publishes a three-year drought-monitoring plan in a joint statement,0
Viral doctor says banks are replacing cash with a tracking chip,1
The European Central Bank holds interest rates after a two-day meeting on Tuesday,0
You won't believe the earth's core is hollow and there is a mall inside,1
Scientists are terrified because fish learned English and are waiting to testify,1
Leaked patent shows your pillow records conversations for a sleep clinic,1
The Federal Reserve issues a heat-wave warning for inland regions on Wednesday,0
Unverified blog insists your microwave opens a portal if you run it empty,1
The IMF holds interest rates after a two-day meeting on Tuesday,0
This one kitchen trick shows a free-energy device was banned after it powered a town,1
The World Health Organization publishes a three-year drought-monitoring plan on Tuesday,0
The Federal Reserve delays a tourism-fee rollout by one quarter in a joint statement,0
Breaking: insiders confirm a desert bunker holds next year's sports scores,1
Scientists are terrified because hospitals hide a 24-hour cure for the common cold,1
A whistleblower just admitted this spice reverses aging overnight,1
Anonymous files show weather satellites are spraying the sky on purpose,1
You won't believe birds are not real and the proof is in a memo,1
Unverified blog insists drinking ice water burns fat while you sleep,1
Scientists are terrified because a $1 coin from 1999 opens every parking gate on earth,1
